transaction_id,amount,hour_of_day,merchant_category,channel,distance_from_home_km,account_age_days,num_transactions_last_24h,avg_transaction_amount_30d,amount_to_avg_ratio,is_foreign_transaction,card_present,is_new_device,cvv_match,failed_pin_attempts_24h,is_fraud
TXN000001,0.0,19,healthcare,in_store,8.4,3883,3,176.87,0.0,0,1,0,1,0,0
TXN000002,111.09,12,restaurant,in_store,7.58,220,1,207.68,0.53,0,1,0,1,0,0
TXN000003,87.37,11,utilities,mobile_app,0.0,2557,3,58.01,1.51,0,1,0,1,0,0
TXN000004,66.24,5,entertainment,atm,2.89,227,2,69.4,0.95,0,0,0,1,0,0
TXN000005,172.76,18,travel,in_store,10.82,69,2,73.11,2.36,0,1,0,1,0,0
TXN000006,54.65,2,online_retail,in_store,38.12,3368,2,112.69,0.48,0,0,0,1,0,0
TXN000007,82.65,8,online_retail,mobile_app,0.0,1402,2,183.7,0.45,0,0,0,1,0,0
TXN000008,256.81,7,fuel,mobile_app,11.15,2163,0,60.61,4.24,0,0,0,1,0,0
TXN000009,169.71,3,online_retail,online,9.27,759,0,7.56,22.45,0,1,0,1,0,0
TXN000010,272.31,3,fuel,mobile_app,32.51,0,0,81.06,3.36,0,1,1,1,0,0
TXN000011,68.6,14,jewelry,mobile_app,0.0,2061,3,49.82,1.38,0,0,0,1,0,1
TXN000012,24.46,14,grocery,online,0.0,3702,0,122.07,0.2,0,1,0,1,0,0
TXN000013,0.0,13,fuel,in_store,0.0,2782,0,216.52,0.0,0,0,1,1,0,0
TXN000014,84.16,13,electronics,online,37.34,1921,1,62.37,1.35,0,1,0,1,0,0
TXN000015,133.6,11,grocery,in_store,0.0,3051,2,91.14,1.47,0,0,0,1,0,1
TXN000016,0.0,20,grocery,in_store,0.0,0,2,141.29,0.0,0,0,0,1,0,0
TXN000017,50.05,18,online_retail,online,0.0,1608,4,62.31,0.8,0,0,0,1,0,0
TXN000018,160.57,6,restaurant,atm,0.0,1133,1,27.65,5.81,0,1,0,1,0,0
TXN000019,0.0,19,fuel,online,0.0,2439,0,272.98,0.0,0,0,1,1,0,0
TXN000020,158.81,8,online_retail,in_store,44.22,1016,2,44.92,3.54,0,1,0,1,0,0
TXN000021,79.4,17,online_retail,online,31.4,2806,1,209.81,0.38,0,1,0,1,0,0
TXN000022,100.45,14,online_retail,in_store,8.28,3593,1,178.15,0.56,0,0,1,1,0,0
TXN000023,262.49,15,healthcare,online,0.0,119,3,69.58,3.77,0,1,0,1,1,0
TXN000024,289.72,14,electronics,online,0.0,2757,2,30.1,9.63,0,1,1,0,0,0
TXN000025,88.51,17,fuel,in_store,0.0,1270,3,93.73,0.94,1,1,0,1,0,0
TXN000026,78.44,17,grocery,in_store,0.0,2698,3,66.92,1.17,0,0,0,1,0,0
TXN000027,35.05,16,utilities,atm,16.94,4060,2,115.0,0.3,0,0,1,1,0,0
TXN000028,160.96,20,travel,online,30.36,2737,1,77.56,2.08,0,0,0,1,0,0
TXN000029,93.67,8,online_retail,in_store,31.73,1492,0,99.33,0.94,1,1,0,1,0,0
TXN000030,73.78,9,utilities,online,61.66,1915,2,667.61,0.11,0,1,0,1,0,0
TXN000031,87.99,2,online_retail,online,0.0,1372,1,107.75,0.82,0,1,0,1,0,0
TXN000032,48.92,18,grocery,mobile_app,0.0,3741,0,135.79,0.36,0,1,0,1,0,0
TXN000033,182.25,12,electronics,online,51.29,161,2,92.94,1.96,1,1,0,1,0,0
TXN000034,93.65,18,grocery,mobile_app,8.38,2530,1,104.77,0.89,1,1,0,1,1,0
TXN000035,97.71,11,grocery,in_store,2.47,1377,5,6.16,15.86,0,1,0,1,0,0
TXN000036,102.49,1,utilities,in_store,91.13,1376,2,80.7,1.27,0,0,1,1,0,0
TXN000037,46.33,3,restaurant,online,63.52,2246,1,191.37,0.24,0,1,0,1,0,0
TXN000038,103.48,17,online_retail,mobile_app,22.15,3178,4,5.74,18.03,0,0,0,1,0,0
TXN000039,208.13,5,utilities,atm,0.0,3197,1,258.17,0.81,0,1,0,1,0,0
TXN000040,392.41,3,online_retail,online,589.74,582,7,198.09,1.98,1,0,1,0,0,1
TXN000041,223.12,20,online_retail,online,16.87,924,2,82.06,2.72,0,0,1,1,0,0
TXN000042,137.92,18,utilities,mobile_app,3.17,588,3,70.32,1.96,1,1,0,1,0,0
TXN000043,99.51,16,grocery,atm,34.14,3342,1,125.57,0.79,0,0,1,1,0,0
TXN000044,0.0,19,healthcare,in_store,67.17,2563,1,265.38,0.0,0,1,1,1,0,0
TXN000045,113.67,20,utilities,online,34.3,1340,0,77.09,1.47,0,1,0,1,0,0
TXN000046,211.88,12,restaurant,online,45.24,3762,3,155.75,1.36,0,1,0,1,0,0
TXN000047,102.29,11,grocery,in_store,24.28,2639,1,129.66,0.79,0,0,1,1,0,0
TXN000048,67.51,8,grocery,in_store,43.22,3101,5,99.96,0.68,0,1,1,1,0,0
TXN000049,0.0,17,grocery,in_store,0.0,4453,2,21.02,0.0,0,0,0,1,0,0
TXN000050,102.02,9,electronics,online,83.74,2081,6,158.47,0.64,0,1,0,1,0,0
TXN000051,166.33,16,restaurant,in_store,0.0,1517,4,195.51,0.85,0,1,0,1,0,0
TXN000052,185.47,23,online_retail,online,15.26,2627,1,42.26,4.39,0,1,0,1,0,0
TXN000053,224.27,14,utilities,in_store,0.0,1360,5,95.77,2.34,0,1,0,1,0,0
TXN000054,34.33,0,electronics,mobile_app,4.0,3830,1,87.31,0.39,0,0,0,1,0,0
TXN000055,1016.76,5,utilities,in_store,400.96,270,8,170.09,5.98,0,0,1,1,0,1
TXN000056,733.67,1,entertainment,online,254.25,137,9,145.5,5.04,1,0,1,0,0,1
TXN000057,44.29,10,healthcare,in_store,35.48,291,1,1.0,44.29,0,1,0,1,0,0
TXN000058,1468.81,8,electronics,mobile_app,370.89,466,8,218.75,6.71,1,1,1,1,0,1
TXN000059,168.62,18,utilities,online,6.41,1509,1,164.93,1.02,0,1,1,1,0,0
TXN000060,30.94,10,fuel,mobile_app,80.68,1296,0,47.12,0.66,0,1,0,1,0,0
TXN000061,181.91,2,fuel,online,0.0,1163,0,102.93,1.77,0,1,0,1,0,0
TXN000062,872.52,22,grocery,online,338.97,105,8,206.43,4.23,1,0,0,1,3,1
TXN000063,73.99,17,restaurant,online,47.32,973,1,1.0,73.99,0,0,0,1,0,0
TXN000064,158.46,19,travel,in_store,17.0,498,2,79.95,1.98,1,1,0,1,0,0
TXN000065,223.98,17,electronics,in_store,22.02,1398,0,45.02,4.98,0,1,0,1,0,0
TXN000066,75.26,22,online_retail,in_store,50.7,712,0,57.34,1.31,0,1,0,0,0,0
TXN000067,63.81,10,travel,in_store,0.0,612,0,41.82,1.53,0,0,0,1,0,0
TXN000068,113.55,16,utilities,online,0.0,637,0,1.0,113.55,0,1,0,1,0,0
TXN000069,78.78,7,healthcare,in_store,0.0,2412,0,91.95,0.86,0,1,0,1,0,0
TXN000070,0.0,16,jewelry,mobile_app,0.0,1441,1,301.65,0.0,0,1,0,1,0,0
TXN000071,0.0,19,healthcare,online,73.81,913,2,158.67,0.0,0,1,0,1,0,0
TXN000072,56.37,10,entertainment,in_store,0.0,584,1,23.29,2.42,0,1,0,1,0,0
TXN000073,164.26,21,utilities,in_store,0.0,512,1,188.84,0.87,0,1,0,1,0,0
TXN000074,265.1,19,entertainment,online,0.0,428,0,143.1,1.85,0,1,0,0,0,0
TXN000075,109.18,19,utilities,in_store,65.63,2191,2,52.51,2.08,0,1,0,1,0,0
TXN000076,0.0,13,online_retail,online,0.0,3455,5,61.89,0.0,0,1,0,1,0,0
TXN000077,171.96,12,electronics,atm,17.18,2066,1,52.26,3.29,0,0,0,1,0,0
TXN000078,975.56,0,jewelry,online,844.34,475,4,236.91,4.12,1,0,1,1,1,1
TXN000079,110.44,20,restaurant,in_store,0.0,1600,2,61.41,1.8,0,1,0,1,0,0
TXN000080,0.0,0,electronics,in_store,53.48,1324,4,97.98,0.0,0,0,1,1,0,0
TXN000081,256.27,7,online_retail,in_store,39.69,1321,1,68.15,3.76,0,1,0,1,0,0
TXN000082,112.04,10,grocery,online,19.57,3611,1,50.98,2.2,0,1,0,1,0,0
TXN000083,135.41,13,grocery,atm,0.0,2739,2,67.72,2.0,0,0,0,1,0,0
TXN000084,156.0,11,grocery,mobile_app,0.0,2629,1,20.71,7.53,0,1,0,1,0,0
TXN000085,94.97,11,online_retail,online,18.24,0,2,65.65,1.45,0,1,0,1,0,0
TXN000086,114.72,18,restaurant,online,0.0,141,2,53.61,2.14,0,1,0,1,0,0
TXN000087,18.06,13,grocery,mobile_app,38.1,1113,0,114.84,0.16,0,0,0,1,0,1
TXN000088,103.42,21,electronics,online,52.39,1874,0,25.74,4.02,0,1,0,1,0,0
TXN000089,69.44,16,utilities,in_store,0.0,3695,4,159.34,0.44,0,1,0,1,0,0
TXN000090,61.21,15,online_retail,in_store,36.01,3247,3,32.95,1.86,0,1,0,1,0,0
TXN000091,201.31,18,electronics,online,0.0,1200,1,76.43,2.63,1,0,1,1,0,0
TXN000092,143.1,8,online_retail,online,80.88,2512,1,199.76,0.72,0,0,0,1,0,0
TXN000093,29.76,18,fuel,online,96.15,1553,0,105.87,0.28,0,0,1,1,0,0
TXN000094,145.43,15,grocery,atm,0.0,1376,0,102.77,1.42,0,1,0,1,0,0
TXN000095,109.92,21,fuel,in_store,44.92,687,1,47.36,2.32,0,1,0,1,0,0
TXN000096,0.0,8,online_retail,mobile_app,66.39,2952,1,206.27,0.0,0,1,0,1,0,0
TXN000097,26.83,8,online_retail,in_store,0.0,373,2,51.14,0.52,0,0,0,1,0,1
TXN000098,0.0,14,grocery,online,0.0,3136,1,1.0,0.0,0,1,0,1,0,0
TXN000099,45.08,11,online_retail,in_store,0.0,2033,0,100.68,0.45,0,1,0,1,0,0
TXN000100,243.39,23,entertainment,online,0.0,3238,3,290.76,0.84,0,0,0,1,0,0
TXN000101,21.66,15,electronics,mobile_app,0.0,643,2,99.76,0.22,0,0,0,1,0,0
TXN000102,15.22,20,entertainment,mobile_app,0.0,1882,4,102.94,0.15,0,1,0,1,0,0
TXN000103,15.79,3,grocery,atm,38.73,1798,0,144.07,0.11,0,1,0,1,0,0
TXN000104,102.39,10,electronics,in_store,0.0,3189,0,68.41,1.5,0,1,0,1,0,0
TXN000105,76.47,1,fuel,online,0.0,825,2,23.16,3.3,0,1,0,1,0,0
TXN000106,146.88,8,fuel,online,30.86,2511,2,35.94,4.09,0,0,0,1,0,0
TXN000107,44.89,11,electronics,mobile_app,35.93,1734,1,47.9,0.94,0,0,0,1,0,0
TXN000108,160.9,13,restaurant,mobile_app,0.0,0,1,41.51,3.88,0,1,0,1,0,0
TXN000109,0.0,16,entertainment,mobile_app,44.53,1176,1,62.59,0.0,0,1,0,1,0,0
TXN000110,42.76,8,grocery,online,66.45,3106,0,110.43,0.39,0,1,0,1,0,0
TXN000111,118.47,10,online_retail,mobile_app,6.35,3364,1,119.76,0.99,0,0,0,1,0,0
TXN000112,78.72,19,grocery,atm,0.0,1811,4,97.93,0.8,1,0,0,1,0,0
TXN000113,122.39,6,grocery,in_store,41.65,572,3,296.71,0.41,0,1,0,1,0,0
TXN000114,36.95,18,utilities,in_store,91.62,2378,5,1.0,36.95,0,1,0,1,1,0
TXN000115,185.78,8,electronics,online,3.06,1526,2,64.28,2.89,0,1,0,1,0,0
TXN000116,75.13,21,grocery,in_store,5.62,3873,2,46.48,1.62,0,1,0,1,0,0
TXN000117,260.4,19,fuel,mobile_app,80.38,2263,6,160.97,1.62,0,0,0,1,0,0
TXN000118,175.59,12,restaurant,online,8.66,2659,0,162.99,1.08,0,1,0,1,0,0
TXN000119,131.88,12,grocery,mobile_app,0.0,2815,3,97.54,1.35,0,1,0,1,0,0
TXN000120,197.68,19,online_retail,online,25.83,855,2,191.69,1.03,0,1,0,1,0,0
TXN000121,64.28,4,electronics,in_store,0.0,911,0,156.82,0.41,0,1,0,1,0,0
TXN000122,0.0,12,grocery,in_store,0.0,0,1,118.67,0.0,0,1,0,1,0,0
TXN000123,0.0,8,online_retail,in_store,0.0,3400,1,40.12,0.0,0,0,0,1,0,0
TXN000124,84.77,16,utilities,online,66.57,662,2,130.96,0.65,1,0,0,1,0,0
TXN000125,91.88,19,online_retail,online,0.0,442,1,1.0,91.88,0,1,0,1,0,0
TXN000126,48.06,12,travel,in_store,20.31,0,2,74.77,0.64,0,0,1,1,0,0
TXN000127,0.0,21,electronics,online,30.87,923,3,23.65,0.0,0,0,0,1,0,0
TXN000128,0.0,14,online_retail,in_store,23.39,635,5,46.21,0.0,1,1,0,1,0,0
TXN000129,144.34,9,travel,online,17.7,2679,1,6.02,23.98,0,0,0,1,0,0
TXN000130,131.31,17,entertainment,in_store,36.8,3341,2,170.37,0.77,0,0,0,1,0,0
TXN000131,65.41,12,grocery,mobile_app,13.25,1415,5,30.37,2.15,0,1,0,1,0,0
TXN000132,31.22,17,restaurant,atm,0.0,1739,1,102.58,0.3,0,1,0,1,0,1
TXN000133,145.45,8,travel,in_store,0.0,1632,1,110.86,1.31,0,1,0,1,0,0
TXN000134,119.93,15,restaurant,online,0.0,1323,2,68.48,1.75,0,0,0,1,0,0
TXN000135,140.05,11,fuel,in_store,23.67,645,3,37.38,3.75,0,0,0,1,0,0
TXN000136,534.16,15,electronics,mobile_app,425.62,588,12,96.25,5.55,1,0,1,1,0,1
TXN000137,39.81,2,travel,mobile_app,54.68,1417,2,140.83,0.28,0,0,1,1,0,0
TXN000138,66.73,22,online_retail,online,33.77,2679,1,191.71,0.35,0,1,0,1,0,0
TXN000139,205.8,0,online_retail,mobile_app,73.36,460,9,364.02,0.57,1,1,1,1,0,1
TXN000140,11.76,20,fuel,online,0.0,3134,2,128.47,0.09,0,1,0,1,0,0
TXN000141,990.05,3,online_retail,online,283.0,344,8,259.72,3.81,1,0,1,0,2,1
TXN000142,134.65,13,electronics,mobile_app,0.0,3742,3,139.49,0.97,0,0,0,1,0,0
TXN000143,76.57,17,online_retail,online,0.0,1009,4,49.52,1.55,0,1,0,1,0,0
TXN000144,123.52,3,electronics,online,22.42,1676,0,87.55,1.41,0,1,0,1,0,0
TXN000145,59.51,17,grocery,online,11.8,147,2,160.22,0.37,0,1,0,1,0,0
TXN000146,210.77,13,travel,online,110.74,2259,0,191.02,1.1,0,0,0,1,0,0
TXN000147,0.0,21,grocery,mobile_app,36.37,1015,2,292.84,0.0,0,1,0,1,0,0
TXN000148,0.0,20,utilities,mobile_app,85.97,2556,1,1.0,0.0,0,1,0,1,0,0
TXN000149,182.28,21,grocery,online,34.64,0,5,96.23,1.89,0,1,0,1,0,0
TXN000150,30.77,22,online_retail,in_store,62.18,4060,0,116.76,0.26,0,0,0,1,0,0
TXN000151,132.81,8,fuel,online,0.0,2013,1,76.81,1.73,0,1,0,1,0,0
TXN000152,0.0,21,grocery,mobile_app,0.0,3241,2,45.76,0.0,0,1,0,1,0,0
TXN000153,117.46,2,restaurant,atm,0.0,2018,2,63.93,1.84,0,0,0,1,0,0
TXN000154,164.83,9,restaurant,mobile_app,20.98,2205,0,85.14,1.94,0,0,0,1,0,0
TXN000155,151.95,16,fuel,in_store,0.0,2512,2,110.18,1.38,0,1,0,1,1,0
TXN000156,0.0,23,healthcare,in_store,0.0,3726,0,22.73,0.0,0,0,0,1,0,0
TXN000157,147.39,0,electronics,online,26.27,2356,3,155.09,0.95,0,0,0,1,0,0
TXN000158,221.82,0,grocery,atm,0.0,3755,2,221.53,1.0,0,1,0,0,0,0
TXN000159,285.16,17,fuel,in_store,0.0,1614,5,79.78,3.57,0,0,0,1,0,0
TXN000160,68.66,17,restaurant,in_store,0.0,1699,3,95.01,0.72,0,1,0,1,0,0
TXN000161,0.0,14,online_retail,in_store,6.23,2277,2,100.76,0.0,0,0,0,1,1,0
TXN000162,81.27,19,restaurant,mobile_app,0.0,466,4,36.06,2.25,0,1,0,1,0,0
TXN000163,295.12,4,online_retail,in_store,0.0,1450,0,131.84,2.24,1,0,0,1,0,0
TXN000164,139.29,20,restaurant,online,39.42,3547,3,24.43,5.7,0,0,0,1,0,0
TXN000165,129.14,12,fuel,in_store,28.18,2340,2,59.21,2.18,0,0,0,0,0,0
TXN000166,93.46,13,entertainment,online,0.0,2434,5,82.18,1.14,0,1,1,0,0,0
TXN000167,113.73,20,online_retail,mobile_app,0.0,539,1,111.1,1.02,0,1,0,1,0,0
TXN000168,0.0,13,travel,in_store,0.0,1278,0,79.0,0.0,0,0,0,1,0,0
TXN000169,47.71,15,grocery,online,46.93,974,0,179.34,0.27,0,1,0,1,0,0
TXN000170,115.76,8,online_retail,mobile_app,88.67,2969,2,80.24,1.44,0,0,1,1,0,0
TXN000171,81.53,2,restaurant,atm,24.47,1581,4,31.99,2.55,0,0,0,1,0,0
TXN000172,0.0,4,fuel,mobile_app,80.96,1236,4,107.45,0.0,0,0,0,1,0,0
TXN000173,85.22,14,fuel,in_store,97.29,2671,1,261.52,0.33,0,1,0,1,0,0
TXN000174,83.5,9,grocery,mobile_app,0.0,2052,1,138.98,0.6,1,1,0,1,0,0
TXN000175,28.85,14,grocery,online,70.15,450,2,109.2,0.26,0,0,0,1,0,0
TXN000176,300.14,21,entertainment,mobile_app,9.28,1204,2,130.61,2.3,0,1,0,0,0,0
TXN000177,131.87,11,jewelry,online,53.9,46,0,223.76,0.59,0,1,0,1,0,0
TXN000178,63.36,21,travel,mobile_app,47.05,30,2,1.14,55.58,0,0,0,1,0,0
TXN000179,187.45,10,electronics,in_store,0.0,10,0,1.0,187.45,0,1,0,1,0,0
TXN000180,109.95,8,utilities,in_store,0.0,3226,1,147.02,0.75,0,0,0,1,0,0
TXN000181,246.59,21,restaurant,online,0.0,2398,1,40.66,6.06,0,1,1,1,0,0
TXN000182,119.3,12,online_retail,atm,0.0,1826,2,72.8,1.64,0,0,0,1,0,0
TXN000183,0.0,19,electronics,mobile_app,41.34,2831,2,161.56,0.0,0,1,0,1,0,0
TXN000184,36.09,17,restaurant,online,94.97,3024,2,29.68,1.22,0,0,0,1,0,0
TXN000185,91.68,11,grocery,mobile_app,10.11,3272,0,46.82,1.96,0,0,0,1,0,0
TXN000186,179.08,15,grocery,online,41.24,624,1,56.57,3.17,0,1,1,1,0,0
TXN000187,137.48,8,electronics,mobile_app,76.27,2723,1,146.15,0.94,0,1,0,1,1,0
TXN000188,8.4,17,online_retail,mobile_app,33.43,3358,0,155.54,0.05,0,1,0,1,0,0
TXN000189,77.9,18,online_retail,atm,13.39,2897,2,69.74,1.12,0,0,0,1,0,0
TXN000190,0.0,9,grocery,mobile_app,0.0,365,3,147.05,0.0,0,0,0,1,0,0
TXN000191,92.78,20,grocery,atm,31.06,3942,1,159.51,0.58,0,0,0,1,0,0
TXN000192,274.69,13,restaurant,atm,51.24,3147,1,82.57,3.33,0,1,0,1,0,0
TXN000193,37.3,3,online_retail,atm,28.84,2235,1,61.46,0.61,0,1,0,1,0,0
TXN000194,68.67,18,electronics,online,30.43,2315,1,60.08,1.14,0,1,0,1,0,0
TXN000195,85.7,12,healthcare,mobile_app,12.56,3555,1,38.8,2.21,0,0,0,1,0,0
TXN000196,139.3,11,entertainment,mobile_app,0.0,793,1,143.3,0.97,0,0,0,1,1,0
TXN000197,51.88,5,restaurant,in_store,49.84,2845,3,100.02,0.52,0,0,0,1,0,0
TXN000198,0.0,13,restaurant,online,0.0,2488,5,57.27,0.0,0,1,0,1,0,0
TXN000199,36.36,13,online_retail,online,34.15,3651,1,79.7,0.46,0,1,0,1,0,0
TXN000200,186.05,0,healthcare,mobile_app,57.12,2649,1,110.75,1.68,0,1,0,1,0,0
TXN000201,107.09,6,jewelry,mobile_app,738.32,228,10,188.96,0.57,0,0,1,1,0,1
TXN000202,86.75,15,restaurant,mobile_app,11.16,2494,2,120.1,0.72,0,1,0,1,0,0
TXN000203,210.93,10,electronics,in_store,95.38,3100,1,59.81,3.53,0,0,0,1,0,0
TXN000204,25.29,9,grocery,atm,33.02,2681,2,47.63,0.53,0,0,0,1,0,0
TXN000205,129.9,14,jewelry,in_store,0.0,2361,1,51.58,2.52,0,0,0,1,0,0
TXN000206,51.47,21,restaurant,online,38.3,1581,0,294.44,0.17,0,1,1,1,0,0
TXN000207,173.54,1,electronics,online,0.0,2570,0,77.02,2.25,0,0,1,1,0,0
TXN000208,88.21,17,restaurant,mobile_app,0.0,1614,0,173.83,0.51,0,1,0,1,0,0
TXN000209,97.12,7,electronics,online,32.18,3671,4,138.64,0.7,0,1,0,1,0,0
TXN000210,50.66,20,restaurant,online,0.0,1677,2,49.12,1.03,0,1,0,1,0,0
TXN000211,13.57,15,restaurant,mobile_app,40.28,3566,1,106.43,0.13,0,1,1,1,0,0
TXN000212,149.7,15,grocery,online,0.0,2605,0,50.18,2.98,0,1,0,1,0,0
TXN000213,6.99,7,restaurant,in_store,39.69,4039,1,101.84,0.07,1,1,0,0,1,0
TXN000214,308.81,7,fuel,online,44.44,3658,1,191.91,1.61,0,0,0,1,0,0
TXN000215,239.78,17,electronics,atm,0.0,3387,1,181.99,1.32,0,1,0,1,0,0
TXN000216,231.08,8,fuel,mobile_app,35.34,835,2,10.62,21.76,0,0,0,1,0,0
TXN000217,11.31,17,grocery,online,9.7,1548,3,187.31,0.06,0,1,0,1,0,1
TXN000218,4.5,14,grocery,in_store,76.99,1602,2,69.34,0.06,0,1,0,0,0,0
TXN000219,189.26,18,utilities,online,32.52,3913,2,129.23,1.46,0,1,0,1,0,0
TXN000220,60.22,13,fuel,online,55.34,2227,2,62.02,0.97,0,1,1,1,0,0
TXN000221,0.0,9,travel,online,0.0,3156,3,36.39,0.0,0,0,0,1,0,0
TXN000222,89.33,16,restaurant,in_store,0.0,1526,2,49.82,1.79,0,1,0,1,0,0
TXN000223,209.02,20,entertainment,in_store,3.58,2966,1,103.0,2.03,0,0,0,1,0,0
TXN000224,532.08,23,online_retail,online,458.1,509,7,108.86,4.89,1,0,1,0,0,1
TXN000225,0.0,10,entertainment,mobile_app,67.44,1387,3,235.61,0.0,0,1,0,1,0,0
TXN000226,738.79,3,fuel,atm,132.18,221,4,158.58,4.66,1,0,0,1,2,1
TXN000227,72.17,16,entertainment,in_store,0.0,2907,1,58.68,1.23,0,1,0,1,0,0
TXN000228,294.84,9,online_retail,online,0.0,733,0,57.34,5.14,0,1,0,1,0,1
TXN000229,49.18,5,restaurant,online,53.1,1994,2,110.85,0.44,0,0,0,1,1,0
TXN000230,33.91,10,grocery,in_store,30.37,2015,0,66.02,0.51,0,1,0,1,0,0
TXN000231,25.13,19,utilities,in_store,22.83,1770,0,127.83,0.2,0,0,0,1,0,0
TXN000232,9.11,3,restaurant,online,55.26,1360,0,71.58,0.13,0,1,0,1,0,0
TXN000233,116.68,22,grocery,atm,0.0,353,0,65.89,1.77,0,1,0,1,0,0
TXN000234,0.0,6,healthcare,mobile_app,0.0,1031,0,76.49,0.0,0,1,0,1,0,0
TXN000235,1159.79,11,electronics,online,869.62,0,5,148.31,7.82,1,0,0,1,1,1
TXN000236,1164.66,12,healthcare,mobile_app,384.81,240,4,134.11,8.68,1,1,1,1,0,1
TXN000237,25.65,13,electronics,online,0.0,2650,3,40.03,0.64,0,1,0,1,0,0
TXN000238,29.93,20,grocery,mobile_app,0.0,1536,3,63.57,0.47,0,1,0,1,0,0
TXN000239,30.48,21,restaurant,online,55.63,1348,0,74.94,0.41,0,1,0,1,0,0
TXN000240,123.36,22,entertainment,online,10.87,2439,2,237.15,0.52,0,0,0,1,0,0
TXN000241,634.95,1,electronics,online,65.95,320,5,74.88,8.48,1,0,1,1,0,1
TXN000242,85.57,0,entertainment,in_store,19.19,525,1,1.0,85.57,0,1,0,1,0,0
TXN000243,134.53,15,restaurant,online,0.0,3256,3,62.86,2.14,1,1,1,1,0,0
TXN000244,109.89,16,grocery,mobile_app,21.67,116,2,58.31,1.88,0,1,0,0,0,0
TXN000245,212.56,21,restaurant,in_store,43.27,1843,3,40.88,5.2,0,0,0,1,0,0
TXN000246,232.88,9,entertainment,online,53.38,1065,0,50.0,4.66,0,1,0,1,0,0
TXN000247,94.09,17,entertainment,online,33.71,3542,0,30.49,3.09,0,1,0,1,0,0
TXN000248,296.52,12,fuel,online,29.59,2427,1,83.82,3.54,0,1,0,1,0,0
TXN000249,151.99,21,fuel,atm,0.0,1407,2,25.12,6.05,0,1,0,1,0,0
TXN000250,83.53,21,online_retail,online,0.15,2051,1,60.71,1.38,0,1,0,1,0,0
TXN000251,0.0,10,utilities,in_store,0.0,623,2,87.22,0.0,0,0,0,1,0,0
TXN000252,259.54,15,electronics,online,65.19,1386,5,44.57,5.82,0,0,0,1,1,1
TXN000253,64.77,16,restaurant,online,53.44,1727,1,176.9,0.37,0,0,0,1,0,0
TXN000254,94.85,14,electronics,atm,0.0,678,3,130.85,0.72,1,0,1,1,0,0
TXN000255,98.37,10,restaurant,atm,1.08,1021,2,34.62,2.84,0,1,0,1,0,0
TXN000256,0.0,10,electronics,in_store,11.79,2335,2,79.85,0.0,0,1,0,1,0,0
TXN000257,0.0,10,jewelry,online,56.38,684,1,59.47,0.0,1,1,0,1,0,0
TXN000258,239.62,15,grocery,in_store,0.0,2342,2,61.56,3.89,0,1,0,1,0,0
TXN000259,68.55,8,jewelry,online,0.0,0,1,288.37,0.24,0,1,0,1,0,0
TXN000260,798.23,8,travel,mobile_app,112.17,588,9,112.23,7.11,1,1,0,1,1,1
TXN000261,0.0,21,online_retail,online,0.0,1695,0,27.59,0.0,0,1,0,1,0,0
TXN000262,53.29,9,restaurant,mobile_app,12.95,2224,0,57.51,0.93,0,0,0,1,0,0
TXN000263,103.44,8,grocery,online,38.45,1429,0,241.27,0.43,0,1,0,1,0,1
TXN000264,55.96,22,grocery,in_store,61.57,784,2,33.48,1.67,0,0,0,0,0,0
TXN000265,78.65,4,healthcare,online,0.0,241,0,54.62,1.44,0,1,0,1,0,0
TXN000266,158.82,1,grocery,atm,38.06,1761,1,73.49,2.16,0,1,0,1,0,0
TXN000267,39.41,15,entertainment,atm,58.55,3400,4,121.11,0.33,0,0,0,1,0,0
TXN000268,14.99,10,restaurant,in_store,0.0,3831,2,388.02,0.04,0,1,0,1,0,0
TXN000269,58.02,21,online_retail,online,51.22,3738,1,197.26,0.29,0,1,0,0,0,0
TXN000270,222.71,2,fuel,online,17.32,3500,3,109.63,2.03,0,0,0,1,0,0
TXN000271,264.24,11,fuel,online,0.0,417,3,109.3,2.42,0,0,0,1,0,0
TXN000272,0.0,16,healthcare,mobile_app,12.2,2988,3,80.6,0.0,0,1,0,1,0,0
TXN000273,0.0,8,electronics,atm,0.0,1576,1,64.62,0.0,0,0,0,1,0,0
TXN000274,49.31,5,electronics,mobile_app,38.69,784,0,17.54,2.81,0,1,0,1,0,0
TXN000275,112.42,16,fuel,atm,0.0,2922,1,27.28,4.12,0,1,0,1,0,0
TXN000276,607.03,3,jewelry,atm,256.45,0,6,109.18,5.56,1,1,1,1,0,1
TXN000277,165.19,6,fuel,atm,0.0,1410,2,95.01,1.74,0,0,0,1,0,0
TXN000278,90.96,19,restaurant,in_store,0.0,1882,2,93.93,0.97,0,1,1,1,0,0
TXN000279,74.18,21,restaurant,in_store,7.72,489,0,159.39,0.47,0,0,0,1,0,0
TXN000280,206.36,10,utilities,in_store,0.0,2696,1,58.61,3.52,0,0,0,1,0,0
TXN000281,0.0,2,restaurant,online,35.39,911,3,74.48,0.0,0,0,0,0,0,0
TXN000282,117.26,10,grocery,mobile_app,33.26,0,0,124.92,0.94,0,0,0,1,0,0
TXN000283,120.8,15,electronics,online,0.0,3614,2,54.64,2.21,0,1,0,1,0,0
TXN000284,158.15,18,electronics,atm,20.57,3343,3,99.87,1.58,0,1,0,1,0,0
TXN000285,0.0,10,grocery,mobile_app,0.0,3102,4,55.67,0.0,0,0,0,1,0,0
TXN000286,86.01,14,electronics,mobile_app,0.0,3095,2,134.23,0.64,0,0,0,1,0,0
TXN000287,82.87,13,grocery,in_store,0.0,732,0,118.99,0.7,0,0,0,1,0,0
TXN000288,102.51,20,travel,in_store,5.89,1820,0,110.35,0.93,0,1,0,1,0,0
TXN000289,0.0,12,grocery,in_store,26.15,3085,0,199.7,0.0,0,1,0,1,0,0
TXN000290,167.03,8,entertainment,mobile_app,9.75,1969,2,61.67,2.71,0,1,0,1,0,0
TXN000291,81.23,17,grocery,online,64.68,1674,2,59.85,1.36,0,0,0,1,0,1
TXN000292,91.09,9,fuel,mobile_app,0.0,2505,1,6.04,15.08,0,1,0,1,0,0
TXN000293,139.39,10,online_retail,mobile_app,0.0,2981,2,44.83,3.11,1,1,0,1,0,0
TXN000294,0.0,4,restaurant,online,84.77,1248,2,90.62,0.0,0,1,0,1,0,0
TXN000295,97.68,9,online_retail,atm,0.0,2312,1,71.25,1.37,1,1,0,1,0,0
TXN000296,154.31,14,grocery,in_store,0.0,873,0,167.71,0.92,0,1,1,1,0,0
TXN000297,76.99,18,grocery,online,0.0,0,0,118.68,0.65,0,1,0,1,0,0
TXN000298,115.26,22,utilities,mobile_app,12.04,1204,2,138.62,0.83,0,1,0,1,0,0
TXN000299,880.73,23,travel,online,203.26,0,6,205.45,4.29,1,1,1,1,0,1
TXN000300,124.3,1,online_retail,online,50.39,1488,3,27.23,4.56,0,1,0,1,0,0
TXN000301,387.02,10,online_retail,in_store,43.7,1695,0,38.93,9.94,0,1,0,1,0,0
TXN000302,86.9,19,grocery,in_store,0.0,266,3,175.46,0.5,0,0,0,1,1,0
TXN000303,50.93,4,restaurant,online,0.0,472,0,40.93,1.24,0,0,0,1,0,0
TXN000304,126.21,16,online_retail,mobile_app,17.99,3412,3,11.94,10.57,0,1,0,1,0,0
TXN000305,116.81,16,fuel,in_store,58.7,0,1,55.87,2.09,0,1,0,1,0,0
TXN000306,58.57,1,fuel,online,107.83,27,1,43.1,1.36,0,1,1,1,0,0
TXN000307,30.16,15,grocery,mobile_app,34.9,0,0,68.57,0.44,0,0,0,1,0,0
TXN000308,0.0,23,restaurant,online,0.0,843,1,46.63,0.0,0,1,0,1,0,0
TXN000309,35.85,18,utilities,mobile_app,0.99,1809,4,61.18,0.59,0,0,0,1,0,0
TXN000310,43.3,10,online_retail,in_store,37.73,217,1,129.72,0.33,0,1,0,1,0,0
TXN000311,66.73,14,online_retail,in_store,0.0,263,0,129.6,0.51,0,1,0,1,0,0
TXN000312,28.44,21,electronics,online,34.61,2856,1,85.48,0.33,0,1,0,1,0,0
TXN000313,119.27,12,fuel,online,0.0,2568,0,142.09,0.84,0,1,0,1,0,0
TXN000314,227.47,8,utilities,mobile_app,42.34,850,2,84.56,2.69,0,0,0,1,0,0
TXN000315,155.76,9,electronics,mobile_app,0.0,3232,0,204.88,0.76,0,1,0,1,0,0
TXN000316,0.0,14,electronics,online,10.09,554,0,9.42,0.0,0,0,0,1,0,0
TXN000317,0.0,5,grocery,atm,64.64,2889,3,141.82,0.0,0,0,0,1,1,0
TXN000318,74.5,10,electronics,online,0.0,3211,2,210.78,0.35,0,1,0,1,0,0
TXN000319,72.37,16,restaurant,in_store,63.25,0,1,59.95,1.21,0,1,0,1,0,0
TXN000320,37.51,21,utilities,mobile_app,41.2,197,0,121.97,0.31,0,1,0,1,0,0
TXN000321,4.64,21,utilities,mobile_app,10.17,1224,0,149.77,0.03,0,1,0,1,0,0
TXN000322,11.36,17,restaurant,atm,0.0,1778,0,91.0,0.12,0,1,0,1,0,0
TXN000323,61.25,10,grocery,atm,66.28,2428,0,54.31,1.13,0,1,0,1,0,0
TXN000324,0.0,14,electronics,online,0.0,325,1,100.49,0.0,0,0,0,1,0,0
TXN000325,226.34,12,electronics,in_store,0.0,3058,2,114.56,1.98,0,1,0,1,0,0
TXN000326,175.18,1,grocery,mobile_app,0.0,3069,0,192.79,0.91,0,0,0,1,0,0
TXN000327,97.93,10,online_retail,online,10.35,175,4,72.76,1.35,0,1,0,1,0,0
TXN000328,39.14,9,fuel,online,0.0,1578,2,1.0,39.14,0,0,0,1,0,0
TXN000329,209.53,15,online_retail,online,17.93,819,2,70.87,2.96,0,1,0,1,0,0
TXN000330,105.96,14,grocery,in_store,0.0,3042,1,118.55,0.89,0,0,0,1,0,0
TXN000331,122.65,11,grocery,in_store,53.5,270,3,72.26,1.7,0,1,0,1,0,0
TXN000332,30.16,9,electronics,in_store,36.88,1149,0,107.89,0.28,0,1,0,1,1,0
TXN000333,161.38,9,grocery,online,80.05,1561,2,67.67,2.38,0,1,0,1,0,0
TXN000334,25.92,19,electronics,mobile_app,2.32,725,1,138.0,0.19,0,0,0,1,0,0
TXN000335,921.9,0,jewelry,online,79.4,3,9,316.7,2.91,1,0,1,0,1,1
TXN000336,168.76,15,electronics,mobile_app,0.0,3532,0,179.05,0.94,0,1,0,0,0,0
TXN000337,0.0,14,fuel,in_store,103.53,834,0,1.0,0.0,0,0,0,1,0,0
TXN000338,240.26,14,utilities,in_store,34.52,662,1,13.21,18.19,0,1,0,1,0,0
TXN000339,145.77,0,grocery,in_store,3.45,2617,1,22.8,6.39,0,0,1,1,0,0
TXN000340,0.0,10,online_retail,online,76.21,2552,0,93.76,0.0,0,1,0,1,1,0
TXN000341,38.83,13,grocery,mobile_app,60.44,2886,0,95.97,0.4,0,1,0,1,0,0
TXN000342,152.14,15,travel,mobile_app,0.0,2172,1,1.96,77.62,0,0,0,1,0,0
TXN000343,95.0,12,restaurant,online,0.0,1121,4,89.8,1.06,0,1,0,0,0,0
TXN000344,215.13,12,healthcare,mobile_app,4.8,1051,1,145.71,1.48,0,1,0,1,0,0
TXN000345,108.48,4,restaurant,atm,0.0,0,2,120.96,0.9,0,1,0,1,0,1
TXN000346,129.42,21,fuel,in_store,3.37,1534,2,86.65,1.49,0,1,0,0,0,0
TXN000347,168.09,12,travel,in_store,37.0,1708,0,3.94,42.66,0,0,1,1,0,0
TXN000348,212.53,19,fuel,mobile_app,0.0,2456,3,103.82,2.05,0,1,0,1,0,0
TXN000349,142.92,12,utilities,online,37.54,2107,3,54.42,2.63,0,1,0,1,0,1
TXN000350,80.52,20,grocery,atm,53.31,582,1,327.83,0.25,0,1,0,1,0,0
TXN000351,242.53,15,fuel,mobile_app,26.44,1442,0,88.2,2.75,0,1,0,1,0,0
TXN000352,4.65,10,entertainment,online,7.39,3193,1,86.04,0.05,0,1,0,1,0,0
TXN000353,107.62,19,travel,mobile_app,0.0,3470,0,17.16,6.27,0,1,0,1,0,0
TXN000354,232.97,16,restaurant,online,37.61,1990,1,161.09,1.45,0,0,0,1,0,0
TXN000355,117.38,10,fuel,in_store,0.0,2537,0,79.62,1.47,0,0,0,1,0,0
TXN000356,57.95,22,restaurant,online,23.24,1470,3,112.23,0.52,0,0,0,1,0,0
TXN000357,8.87,21,grocery,in_store,31.22,1890,2,72.57,0.12,0,1,0,1,0,0
TXN000358,117.71,20,travel,atm,68.03,1275,2,21.34,5.52,0,0,0,1,0,0
TXN000359,3.57,16,grocery,online,0.0,2652,0,32.77,0.11,0,1,0,1,0,0
TXN000360,180.48,2,electronics,online,0.0,1773,5,158.16,1.14,0,1,0,1,0,0
TXN000361,136.86,14,entertainment,online,0.0,1108,3,1.0,136.86,0,1,0,1,0,0
TXN000362,220.8,1,fuel,in_store,33.46,1174,1,112.03,1.97,0,1,0,1,0,0
TXN000363,77.96,9,grocery,online,0.0,4105,2,166.46,0.47,0,0,0,0,0,0
TXN000364,197.09,10,utilities,in_store,0.0,1164,0,61.26,3.22,1,1,0,1,0,0
TXN000365,146.58,0,grocery,atm,3.39,2120,0,119.01,1.23,0,1,0,1,0,0
TXN000366,385.9,1,electronics,mobile_app,268.74,565,9,122.52,3.15,0,1,1,1,1,1
TXN000367,327.67,16,fuel,in_store,0.0,3063,3,58.03,5.65,0,0,1,1,1,0
TXN000368,277.36,0,entertainment,mobile_app,0.0,3296,1,29.3,9.47,0,1,0,1,0,0
TXN000369,14.3,11,utilities,online,62.58,535,3,88.11,0.16,0,1,0,1,0,0
TXN000370,248.39,9,restaurant,in_store,4.62,0,1,89.25,2.78,0,0,1,1,0,0
TXN000371,189.46,10,restaurant,online,57.67,284,3,31.34,6.05,0,0,0,1,0,0
TXN000372,67.52,9,jewelry,mobile_app,0.0,664,0,139.76,0.48,1,1,0,1,0,0
TXN000373,45.08,0,entertainment,atm,4.75,2752,1,56.12,0.8,0,1,0,1,0,0
TXN000374,0.0,13,grocery,online,13.95,0,2,53.45,0.0,0,1,0,1,0,1
TXN000375,940.34,1,jewelry,mobile_app,1668.8,853,6,119.2,7.89,1,1,1,0,0,1
TXN000376,183.75,21,grocery,atm,114.53,1726,0,47.35,3.88,0,1,0,1,0,0
TXN000377,0.0,17,restaurant,mobile_app,55.44,1916,2,143.09,0.0,0,1,0,1,0,0
TXN000378,114.81,1,utilities,mobile_app,0.0,174,2,104.54,1.1,0,0,0,1,0,0
TXN000379,171.22,13,entertainment,in_store,0.0,1523,4,58.52,2.93,0,1,0,1,0,0
TXN000380,68.71,10,restaurant,online,37.24,1601,3,92.57,0.74,0,1,0,1,0,0
TXN000381,261.65,9,fuel,in_store,63.04,2873,4,36.28,7.21,0,1,0,1,0,0
TXN000382,178.64,11,travel,mobile_app,68.56,1921,0,145.61,1.23,0,1,0,1,0,0
TXN000383,55.45,5,grocery,atm,17.57,3238,2,45.71,1.21,0,1,0,1,0,0
TXN000384,89.63,13,online_retail,atm,42.9,1852,2,123.56,0.73,0,1,0,1,0,0
TXN000385,266.97,14,grocery,atm,43.27,3016,2,66.81,4.0,0,0,0,1,0,0
TXN000386,0.0,13,healthcare,in_store,21.93,411,0,208.11,0.0,0,1,0,1,0,0
TXN000387,152.49,12,grocery,online,19.83,3934,0,27.83,5.48,0,1,0,1,0,0
TXN000388,4.52,15,electronics,online,16.6,2668,2,106.93,0.04,0,1,1,1,0,0
TXN000389,75.52,23,grocery,in_store,0.0,1500,0,86.7,0.87,0,1,0,1,0,0
TXN000390,396.49,12,electronics,in_store,0.0,3909,2,92.91,4.27,0,1,0,1,0,0
TXN000391,213.24,15,electronics,mobile_app,1.16,3383,1,53.69,3.97,0,1,0,1,0,0
TXN000392,313.92,4,jewelry,online,245.61,1286,3,202.24,1.55,1,0,0,1,0,1
TXN000393,174.83,9,online_retail,atm,7.46,2251,2,161.92,1.08,0,0,0,1,0,0
TXN000394,0.0,14,online_retail,online,3.02,2339,1,17.91,0.0,0,1,0,1,0,0
TXN000395,21.05,23,grocery,atm,52.09,2799,0,206.48,0.1,0,1,0,1,0,0
TXN000396,646.41,22,jewelry,mobile_app,514.55,311,5,372.65,1.73,1,0,1,1,1,1
TXN000397,7.65,17,grocery,online,71.24,1014,0,121.53,0.06,0,1,1,1,1,0
TXN000398,231.77,8,healthcare,mobile_app,77.87,3293,3,29.57,7.84,0,1,0,1,0,0
TXN000399,197.6,20,electronics,in_store,0.0,485,1,241.19,0.82,0,1,0,1,0,1
TXN000400,74.67,12,online_retail,atm,0.0,3745,3,104.53,0.71,0,1,0,1,0,0
TXN000401,839.76,4,electronics,atm,611.99,529,7,88.86,9.45,1,0,1,1,0,1
TXN000402,118.22,19,electronics,online,62.37,721,0,51.47,2.3,0,0,1,1,0,0
TXN000403,225.34,2,grocery,in_store,70.19,2051,4,110.76,2.03,0,0,0,1,0,0
TXN000404,209.97,16,online_retail,online,22.96,525,1,53.89,3.9,0,1,0,1,0,0
TXN000405,143.76,14,travel,in_store,0.0,1994,2,93.35,1.54,0,0,0,0,0,0
TXN000406,0.0,4,utilities,in_store,30.92,2334,0,7.44,0.0,0,0,0,1,0,0
TXN000407,38.59,9,online_retail,mobile_app,30.44,483,2,50.57,0.76,0,1,0,1,0,0
TXN000408,142.2,19,utilities,mobile_app,64.57,1817,1,131.92,1.08,0,0,0,1,0,0
TXN000409,403.17,0,jewelry,online,159.46,0,9,148.28,2.72,0,0,1,1,2,1
TXN000410,124.99,8,grocery,online,41.17,2647,2,132.86,0.94,0,0,0,1,0,0
TXN000411,33.11,12,entertainment,in_store,13.86,1624,0,341.05,0.1,0,0,0,1,0,0
TXN000412,169.61,22,travel,online,0.0,1197,2,124.16,1.37,0,1,0,1,0,0
TXN000413,167.43,13,restaurant,in_store,24.1,3094,3,191.86,0.87,0,0,0,1,0,1
TXN000414,94.66,21,fuel,in_store,0.0,2139,2,11.18,8.47,0,1,0,1,0,0
TXN000415,401.74,9,electronics,in_store,67.45,3986,3,52.97,7.58,0,1,0,1,0,0
TXN000416,73.47,8,online_retail,online,0.0,965,2,123.39,0.6,0,1,0,1,0,0
TXN000417,29.32,4,restaurant,online,33.74,4287,2,80.0,0.37,1,1,0,0,0,0
TXN000418,141.09,18,electronics,atm,19.8,3104,3,90.14,1.57,0,1,1,1,0,1
TXN000419,280.48,12,restaurant,mobile_app,6.54,553,1,1.0,280.48,0,0,0,1,0,0
TXN000420,123.03,17,restaurant,in_store,0.0,1685,4,166.74,0.74,0,1,1,1,0,0
TXN000421,1145.38,23,online_retail,in_store,187.64,1070,7,194.66,5.88,1,0,0,1,1,1
TXN000422,153.7,2,jewelry,mobile_app,0.0,2117,0,233.61,0.66,0,1,0,0,0,0
TXN000423,18.57,19,fuel,in_store,0.0,820,1,220.98,0.08,0,1,0,1,0,0
TXN000424,125.79,15,restaurant,mobile_app,84.42,2192,1,112.76,1.12,0,1,1,1,0,0
TXN000425,70.96,21,restaurant,in_store,0.0,3915,2,182.13,0.39,0,1,0,1,0,0
TXN000426,0.0,12,restaurant,online,31.74,3766,1,60.01,0.0,1,1,0,1,0,0
TXN000427,179.99,20,fuel,in_store,0.0,479,1,169.07,1.06,0,0,0,1,0,0
TXN000428,119.12,16,online_retail,online,27.35,2409,3,30.0,3.97,0,1,0,1,0,0
TXN000429,139.83,11,electronics,mobile_app,0.0,1404,0,72.47,1.93,0,1,0,1,0,0
TXN000430,0.0,18,fuel,mobile_app,99.03,2722,2,124.33,0.0,0,1,0,1,0,0
TXN000431,21.13,17,utilities,online,10.52,249,2,150.83,0.14,0,1,0,1,0,0
TXN000432,120.77,20,restaurant,online,0.0,1749,4,23.92,5.05,0,1,0,1,0,0
TXN000433,64.52,10,online_retail,online,0.0,2978,2,28.31,2.28,0,1,0,1,0,0
TXN000434,136.14,13,restaurant,atm,0.0,2030,0,40.48,3.36,0,1,0,1,0,0
TXN000435,97.25,19,restaurant,online,0.0,1120,4,96.85,1.0,0,0,0,1,0,0
TXN000436,963.06,23,online_retail,mobile_app,232.02,915,7,35.73,26.95,1,0,1,0,1,1
TXN000437,45.72,12,restaurant,in_store,0.0,614,6,1.0,45.72,0,1,0,1,0,0
TXN000438,185.17,8,utilities,mobile_app,0.0,1769,2,16.24,11.4,1,1,0,1,0,0
TXN000439,78.45,20,fuel,in_store,0.0,3863,2,38.14,2.06,0,1,0,1,0,0
TXN000440,185.83,12,grocery,online,42.52,909,1,129.48,1.44,0,0,0,1,0,0
TXN000441,83.97,20,restaurant,in_store,73.54,1325,2,118.83,0.71,0,1,0,1,0,0
TXN000442,176.38,11,fuel,mobile_app,0.0,1397,1,42.74,4.13,0,1,0,1,0,0
TXN000443,104.8,19,grocery,in_store,8.73,1325,5,66.51,1.58,0,0,0,1,0,0
TXN000444,297.03,17,electronics,in_store,0.0,2429,3,22.51,13.2,0,1,0,1,0,0
TXN000445,0.0,15,fuel,online,21.51,1846,3,33.06,0.0,0,0,0,1,0,0
TXN000446,176.24,17,online_retail,in_store,33.68,1208,2,27.14,6.49,0,0,0,1,0,0
TXN000447,348.52,15,electronics,in_store,0.0,2403,1,74.18,4.7,0,0,0,1,0,0
TXN000448,134.94,14,electronics,mobile_app,21.46,1042,1,86.37,1.56,0,0,1,1,0,0
TXN000449,88.62,10,entertainment,online,19.53,2412,2,73.78,1.2,0,1,0,1,0,0
TXN000450,244.25,7,travel,in_store,0.0,1132,2,76.04,3.21,0,0,0,1,0,0
TXN000451,63.48,13,online_retail,online,55.39,3073,2,14.51,4.37,0,0,1,1,0,1
TXN000452,217.14,17,fuel,mobile_app,22.5,3897,4,44.37,4.89,0,1,0,1,0,0
TXN000453,0.0,15,restaurant,online,76.74,1332,1,9.12,0.0,0,0,0,1,0,0
TXN000454,0.0,19,online_retail,online,26.33,3449,1,187.31,0.0,1,1,0,1,0,0
TXN000455,0.0,13,utilities,atm,90.28,3888,1,86.09,0.0,0,1,0,1,0,0
TXN000456,122.35,14,online_retail,online,66.71,3884,2,264.09,0.46,0,1,0,1,0,0
TXN000457,222.93,13,fuel,online,15.26,2667,2,42.98,5.19,0,1,0,1,0,0
TXN000458,220.49,8,grocery,in_store,0.0,2910,1,141.76,1.56,0,0,0,1,0,0
TXN000459,82.59,11,travel,atm,0.0,1325,0,78.09,1.06,0,1,0,1,0,0
TXN000460,178.61,20,utilities,atm,41.46,385,2,150.04,1.19,0,1,0,1,0,0
TXN000461,120.47,20,electronics,in_store,14.97,3546,1,121.95,0.99,0,0,1,1,0,0
TXN000462,48.98,6,grocery,online,0.0,2998,2,61.59,0.8,0,0,0,1,0,0
TXN000463,268.28,10,grocery,online,45.41,1355,2,90.57,2.96,0,1,0,1,0,0
TXN000464,6.79,10,fuel,mobile_app,32.2,2030,2,87.94,0.08,0,1,0,1,1,0
TXN000465,392.48,15,grocery,mobile_app,38.47,1197,0,94.13,4.17,0,0,0,1,0,0
TXN000466,73.74,14,fuel,online,0.0,496,3,13.37,5.52,0,1,0,1,0,0
TXN000467,151.27,14,online_retail,online,49.6,3913,0,93.21,1.62,0,0,0,1,0,0
TXN000468,126.99,19,entertainment,online,39.46,677,2,84.36,1.51,0,1,0,1,0,0
TXN000469,118.01,1,fuel,online,58.49,2926,4,7.79,15.15,0,1,0,1,0,0
TXN000470,58.78,11,online_retail,in_store,51.04,1793,0,201.56,0.29,0,1,1,1,0,0
TXN000471,140.71,10,electronics,mobile_app,1.38,76,0,123.96,1.14,1,0,1,1,0,0
TXN000472,159.78,7,grocery,mobile_app,0.0,2684,1,4.96,32.21,0,0,0,1,0,0
TXN000473,54.47,12,grocery,in_store,96.64,2422,0,134.84,0.4,0,1,0,1,0,0
TXN000474,67.14,21,online_retail,online,0.0,881,2,220.12,0.31,1,1,0,1,0,0
TXN000475,0.0,15,utilities,mobile_app,38.2,2855,2,294.56,0.0,0,0,0,1,0,0
TXN000476,248.29,21,grocery,online,0.0,2669,1,65.2,3.81,0,1,0,1,0,0
TXN000477,185.45,17,restaurant,in_store,0.0,1136,0,59.6,3.11,0,1,0,1,0,0
TXN000478,48.59,1,online_retail,in_store,0.0,632,3,163.07,0.3,0,0,0,1,0,0
TXN000479,162.18,14,restaurant,atm,25.49,3780,0,104.64,1.55,0,1,0,1,0,1
TXN000480,15.36,16,electronics,online,43.43,1967,0,1.0,15.36,0,0,0,1,0,0
TXN000481,109.2,19,utilities,mobile_app,21.53,1015,0,24.83,4.4,0,0,0,1,0,0
TXN000482,340.79,22,grocery,online,59.92,2952,1,64.22,5.31,0,0,0,1,0,0
TXN000483,453.98,20,electronics,mobile_app,287.15,394,12,128.72,3.53,0,0,1,0,1,1
TXN000484,0.0,18,online_retail,in_store,0.0,3022,4,272.74,0.0,0,1,0,1,0,1
TXN000485,219.45,16,restaurant,in_store,41.85,2925,2,132.23,1.66,0,1,0,1,0,0
TXN000486,978.71,18,online_retail,atm,528.43,417,11,61.33,15.96,1,0,1,1,0,1
TXN000487,546.99,19,electronics,online,568.48,658,6,213.4,2.56,1,1,1,1,2,1
TXN000488,189.08,16,grocery,online,31.81,0,1,181.07,1.04,0,0,0,1,0,0
TXN000489,116.37,19,fuel,in_store,13.88,2129,0,144.11,0.81,0,1,0,1,0,0
TXN000490,49.99,16,online_retail,online,0.0,543,1,75.46,0.66,0,1,0,1,0,0
TXN000491,216.63,19,grocery,online,0.0,1120,1,306.2,0.71,0,1,0,1,0,1
TXN000492,194.64,14,utilities,in_store,88.35,1274,1,171.71,1.13,0,1,1,1,0,0
TXN000493,105.87,19,fuel,in_store,78.02,1276,2,45.98,2.3,0,1,0,1,1,0
TXN000494,64.36,17,fuel,in_store,9.95,2751,3,44.91,1.43,0,1,0,1,0,0
TXN000495,368.32,19,fuel,online,5.31,933,3,42.94,8.58,0,0,0,1,0,0
TXN000496,223.36,19,fuel,in_store,0.0,1147,4,136.44,1.64,0,0,0,1,0,0
TXN000497,196.16,20,online_retail,online,92.55,973,0,179.32,1.09,0,1,0,1,0,0
TXN000498,156.32,20,restaurant,atm,51.82,3144,1,47.16,3.31,0,0,0,0,0,0
TXN000499,50.8,14,fuel,in_store,38.56,935,1,144.64,0.35,0,1,0,1,0,0
TXN000500,221.88,17,online_retail,online,0.0,1860,2,93.24,2.38,0,1,0,1,0,0
TXN000501,3.86,13,entertainment,online,41.09,2767,2,86.65,0.04,0,1,0,1,0,0
TXN000502,30.72,12,utilities,in_store,0.73,1861,2,52.75,0.58,0,1,0,1,0,1
TXN000503,56.16,14,electronics,mobile_app,34.63,141,3,113.62,0.49,0,0,0,1,0,0
TXN000504,55.9,8,electronics,in_store,14.33,781,1,103.03,0.54,0,1,0,1,0,0
TXN000505,207.52,18,utilities,in_store,3.84,3111,0,20.15,10.3,0,1,0,1,0,0
TXN000506,226.55,21,online_retail,mobile_app,51.65,2289,0,73.89,3.07,0,1,0,1,0,0
TXN000507,352.57,15,electronics,in_store,0.0,1905,1,66.63,5.29,0,0,0,1,0,0
TXN000508,102.41,8,healthcare,mobile_app,0.0,1442,2,90.08,1.14,0,1,0,1,0,0
TXN000509,177.86,20,entertainment,in_store,11.37,3960,4,1.0,177.86,0,0,0,1,0,1
TXN000510,201.13,17,grocery,online,60.46,2444,0,51.58,3.9,0,1,0,1,0,0
TXN000511,0.0,19,restaurant,mobile_app,40.43,2696,2,134.02,0.0,0,0,0,1,0,1
TXN000512,244.17,17,restaurant,in_store,58.03,2172,0,63.66,3.84,0,1,0,1,0,0
TXN000513,0.0,12,restaurant,mobile_app,10.77,1532,2,70.86,0.0,0,1,0,1,0,0
TXN000514,1015.52,0,travel,in_store,403.12,0,12,333.69,3.04,1,0,1,0,0,1
TXN000515,179.01,13,electronics,online,0.0,1369,4,16.24,11.02,1,0,0,1,0,0
TXN000516,61.11,10,grocery,online,94.33,2835,2,31.97,1.91,0,1,0,1,0,0
TXN000517,102.54,14,restaurant,online,109.3,426,1,24.26,4.23,0,1,0,1,0,0
TXN000518,176.08,21,grocery,online,27.31,3469,0,7.51,23.45,0,0,0,1,0,0
TXN000519,6.92,11,fuel,in_store,44.78,3543,0,38.17,0.18,0,1,0,1,0,0
TXN000520,1314.35,3,electronics,atm,669.03,0,8,90.17,14.58,0,0,0,1,1,1
TXN000521,110.44,10,electronics,in_store,0.0,1540,2,127.31,0.87,0,1,0,1,0,0
TXN000522,79.09,11,online_retail,online,0.0,1114,0,200.69,0.39,0,1,0,1,0,0
TXN000523,66.27,8,utilities,in_store,10.45,3139,4,87.51,0.76,0,0,0,1,0,0
TXN000524,2.18,19,travel,atm,29.46,1083,2,262.39,0.01,0,1,1,1,0,0
TXN000525,236.86,18,electronics,mobile_app,23.0,2934,1,68.31,3.47,0,1,1,1,0,0
TXN000526,56.43,10,online_retail,online,110.27,3234,3,44.33,1.27,0,1,0,1,1,0
TXN000527,177.86,16,restaurant,online,20.49,3054,1,80.95,2.2,0,0,0,0,0,0
TXN000528,69.5,15,restaurant,online,0.0,3265,1,1.0,69.5,0,1,0,1,0,0
TXN000529,85.17,3,restaurant,online,79.17,360,2,78.05,1.09,0,1,0,1,0,0
TXN000530,68.59,17,healthcare,mobile_app,9.79,278,0,219.61,0.31,0,1,0,1,0,0
TXN000531,0.0,19,grocery,online,0.0,3483,1,74.81,0.0,0,1,1,1,0,0
TXN000532,187.47,17,fuel,online,19.71,2969,2,72.81,2.57,0,0,0,1,0,0
TXN000533,0.0,9,fuel,mobile_app,36.98,1232,2,185.59,0.0,0,1,0,1,0,0
TXN000534,129.92,12,utilities,online,0.0,3157,2,102.43,1.27,0,0,1,1,0,0
TXN000535,199.16,1,restaurant,in_store,0.0,1252,1,39.56,5.03,0,0,0,1,0,0
TXN000536,347.51,15,grocery,atm,0.0,2064,3,99.56,3.49,0,1,0,1,0,0
TXN000537,113.89,15,online_retail,in_store,54.05,373,2,109.38,1.04,1,1,0,1,0,0
TXN000538,114.32,8,utilities,mobile_app,55.06,3023,3,57.88,1.98,0,1,0,1,0,0
TXN000539,52.65,13,grocery,mobile_app,0.0,1520,4,55.21,0.95,0,1,0,1,0,0
TXN000540,0.0,4,jewelry,in_store,51.54,487,1,98.44,0.0,0,1,0,1,0,0
TXN000541,98.92,17,grocery,mobile_app,57.99,3260,3,15.08,6.56,0,0,0,1,0,0
TXN000542,119.23,10,restaurant,online,0.0,1679,2,67.11,1.78,0,0,0,1,0,0
TXN000543,85.26,17,travel,online,0.0,0,2,84.57,1.01,0,1,0,1,0,0
TXN000544,100.99,21,restaurant,in_store,0.0,686,2,118.59,0.85,0,0,0,1,0,0
TXN000545,20.02,9,online_retail,in_store,11.41,2386,0,122.97,0.16,0,1,0,1,0,0
TXN000546,8.81,19,restaurant,online,68.27,3271,1,113.76,0.08,0,1,0,1,1,0
TXN000547,144.35,15,grocery,in_store,20.32,1303,0,74.79,1.93,0,1,0,1,0,0
TXN000548,146.7,12,grocery,in_store,0.0,3564,2,82.05,1.79,0,0,0,1,0,0
TXN000549,91.19,9,entertainment,online,12.98,1954,2,65.12,1.4,0,0,0,1,0,0
TXN000550,17.92,8,online_retail,atm,0.0,2163,2,115.24,0.16,0,0,1,1,0,0
TXN000551,148.45,10,entertainment,online,23.34,2079,1,115.03,1.29,0,0,0,1,0,0
TXN000552,0.0,21,electronics,mobile_app,0.0,3019,2,94.37,0.0,0,0,0,1,0,0
TXN000553,22.31,12,online_retail,mobile_app,0.0,1525,3,1.0,22.31,0,0,0,1,0,0
TXN000554,829.68,22,jewelry,mobile_app,806.76,272,12,100.41,8.26,1,1,0,1,1,1
TXN000555,175.86,10,electronics,in_store,84.31,3170,2,101.62,1.73,0,0,0,1,0,0
TXN000556,0.0,17,online_retail,in_store,97.72,3343,1,74.38,0.0,0,1,0,1,0,0
TXN000557,277.07,6,electronics,atm,0.0,3328,0,111.71,2.48,0,0,0,1,0,0
TXN000558,73.24,20,restaurant,atm,0.0,2265,1,58.1,1.26,0,1,0,1,0,0
TXN000559,45.2,3,electronics,online,526.49,0,8,97.94,0.46,1,0,1,0,0,1
TXN000560,55.97,12,entertainment,atm,56.92,1999,2,11.11,5.04,0,0,0,1,0,0
TXN000561,52.32,15,restaurant,in_store,0.0,1721,0,29.06,1.8,0,0,0,1,0,0
TXN000562,29.6,15,grocery,mobile_app,16.23,3499,0,121.65,0.24,0,1,0,1,1,0
TXN000563,45.93,12,travel,atm,5.05,3277,1,67.47,0.68,0,1,0,1,0,0
TXN000564,113.88,6,fuel,in_store,0.0,1177,1,109.83,1.04,0,0,0,1,0,0
TXN000565,270.41,14,travel,online,0.0,1305,0,120.07,2.25,0,1,0,1,0,0
TXN000566,70.84,8,grocery,online,0.0,1543,2,32.01,2.21,0,0,0,1,0,0
TXN000567,0.0,8,healthcare,mobile_app,13.38,3630,4,186.6,0.0,0,1,0,1,0,0
TXN000568,260.39,14,jewelry,mobile_app,53.88,325,0,55.95,4.65,1,1,0,1,0,0
TXN000569,22.18,14,grocery,online,17.83,0,4,35.81,0.62,0,1,0,1,0,0
TXN000570,38.87,17,grocery,online,47.63,3312,0,85.07,0.46,0,1,0,1,0,0
TXN000571,71.84,18,grocery,in_store,4.37,1861,4,194.71,0.37,0,1,0,1,0,0
TXN000572,145.17,16,online_retail,in_store,0.0,242,3,216.46,0.67,0,0,0,1,0,0
TXN000573,51.57,14,online_retail,atm,0.0,2231,3,176.38,0.29,0,0,1,1,0,0
TXN000574,440.44,1,jewelry,mobile_app,151.18,145,5,154.21,2.86,1,0,1,0,0,1
TXN000575,0.0,8,travel,mobile_app,54.35,1235,1,102.48,0.0,0,1,1,1,0,0
TXN000576,117.21,20,online_retail,in_store,0.0,930,0,174.44,0.67,0,1,0,1,0,0
TXN000577,35.19,9,fuel,mobile_app,0.0,1985,0,171.41,0.21,0,1,1,1,0,0
TXN000578,14.69,16,grocery,online,28.91,1903,3,43.14,0.34,0,1,0,1,0,0
TXN000579,17.39,2,online_retail,mobile_app,25.55,1387,1,120.18,0.14,0,0,0,1,0,0
TXN000580,132.07,21,utilities,in_store,55.93,3308,0,8.71,15.16,0,1,0,1,1,0
TXN000581,138.35,10,grocery,online,0.0,2670,2,79.98,1.73,0,0,0,1,0,0
TXN000582,301.05,7,electronics,in_store,805.03,86,3,413.08,0.73,0,0,0,1,0,1
TXN000583,190.57,17,utilities,mobile_app,38.64,3348,1,7.41,25.72,1,1,0,1,0,0
TXN000584,80.41,3,fuel,atm,0.0,795,3,213.99,0.38,0,0,0,1,0,0
TXN000585,13.47,17,electronics,online,0.0,3546,3,51.57,0.26,0,1,0,1,0,0
TXN000586,40.63,7,jewelry,mobile_app,65.07,3621,2,70.49,0.58,0,0,0,1,0,0
TXN000587,50.6,12,grocery,online,0.0,1649,2,157.93,0.32,0,1,0,1,0,0
TXN000588,0.0,16,grocery,in_store,122.72,667,3,332.04,0.0,0,1,1,1,0,0
TXN000589,1014.98,2,online_retail,atm,638.35,43,6,185.72,5.47,1,0,1,0,3,1
TXN000590,88.75,12,grocery,mobile_app,50.39,1178,1,86.39,1.03,0,0,0,0,0,0
TXN000591,174.87,9,electronics,in_store,1.13,2028,1,51.99,3.36,1,1,0,1,0,0
TXN000592,78.45,14,online_retail,mobile_app,18.59,427,1,92.9,0.84,0,0,1,1,0,0
TXN000593,55.63,4,fuel,online,0.0,232,1,1.0,55.63,0,1,0,1,0,0
TXN000594,151.04,14,online_retail,in_store,57.14,669,0,61.85,2.44,0,1,0,1,0,0
TXN000595,244.32,21,online_retail,online,0.0,1816,0,44.76,5.46,0,1,0,1,0,0
TXN000596,0.0,0,fuel,mobile_app,0.0,934,4,181.79,0.0,0,1,0,1,0,0
TXN000597,95.44,19,fuel,in_store,99.87,1927,2,135.94,0.7,0,0,0,1,0,0
TXN000598,193.69,7,entertainment,online,5.09,967,1,56.23,3.44,0,0,0,1,0,0
TXN000599,0.0,9,fuel,online,0.0,4046,0,82.32,0.0,0,1,0,1,0,0
TXN000600,270.75,18,electronics,mobile_app,0.0,2720,2,37.48,7.22,0,1,0,1,0,0
TXN000601,354.54,5,jewelry,online,243.36,245,8,75.2,4.71,1,0,1,1,1,1
TXN000602,38.42,14,grocery,online,6.31,2739,1,1.0,38.42,0,0,0,1,0,0
TXN000603,100.45,16,jewelry,mobile_app,110.86,922,0,227.74,0.44,0,1,0,1,1,0
TXN000604,250.1,14,grocery,in_store,28.78,167,3,88.53,2.83,0,0,0,1,0,0
TXN000605,55.03,15,travel,mobile_app,16.36,2282,0,63.78,0.86,0,1,0,1,0,0
TXN000606,175.13,10,grocery,in_store,12.84,509,2,83.98,2.09,0,0,0,1,0,0
TXN000607,54.42,8,electronics,mobile_app,115.62,3006,4,61.34,0.89,0,1,0,1,0,0
TXN000608,58.71,2,grocery,online,0.0,568,0,10.5,5.59,0,1,0,1,0,0
TXN000609,181.06,12,grocery,in_store,11.49,3103,0,37.43,4.84,0,1,0,1,0,0
TXN000610,226.99,11,restaurant,in_store,5.58,0,2,161.36,1.41,0,0,0,1,0,0
TXN000611,224.95,21,grocery,in_store,0.0,2743,1,76.35,2.95,0,0,0,1,0,0
TXN000612,0.0,12,restaurant,online,20.44,1479,3,147.2,0.0,0,1,0,1,0,0
TXN000613,0.0,21,travel,mobile_app,9.13,3870,2,69.73,0.0,0,1,0,1,0,0
TXN000614,1.66,9,electronics,atm,25.45,2578,3,46.96,0.04,0,1,0,1,0,0
TXN000615,72.94,8,grocery,in_store,4.07,3620,3,129.54,0.56,0,1,0,1,0,0
TXN000616,0.0,9,entertainment,online,0.0,1222,6,193.82,0.0,0,1,0,1,1,0
TXN000617,135.28,20,grocery,in_store,21.01,1700,1,33.76,4.01,0,1,0,1,0,0
TXN000618,0.0,12,fuel,in_store,32.58,1247,2,55.92,0.0,0,1,0,1,0,0
TXN000619,15.78,16,grocery,mobile_app,0.0,1235,1,74.07,0.21,0,1,0,1,0,0
TXN000620,537.01,23,electronics,in_store,592.36,243,2,120.25,4.47,0,1,0,1,1,1
TXN000621,87.49,3,travel,in_store,64.13,2006,1,109.43,0.8,0,0,0,1,0,0
TXN000622,0.0,18,restaurant,atm,49.29,2762,6,112.59,0.0,0,1,0,1,0,0
TXN000623,0.0,12,electronics,mobile_app,40.46,3524,1,141.75,0.0,0,1,0,1,0,0
TXN000624,42.69,22,grocery,mobile_app,10.62,2225,3,182.58,0.23,0,0,0,1,0,0
TXN000625,738.55,5,jewelry,online,362.52,349,11,72.05,10.25,1,0,1,1,2,1
TXN000626,226.36,19,grocery,online,79.64,0,1,128.57,1.76,0,0,0,1,0,0
TXN000627,886.79,2,jewelry,mobile_app,230.41,0,4,438.09,2.02,1,0,1,0,0,1
TXN000628,39.5,16,grocery,mobile_app,0.0,760,2,142.83,0.28,0,1,0,1,0,0
TXN000629,72.14,14,fuel,online,6.46,3543,1,115.08,0.63,0,0,0,1,0,0
TXN000630,232.12,3,travel,online,28.14,885,2,56.81,4.09,0,1,0,1,0,0
TXN000631,144.76,11,fuel,online,45.42,789,2,106.19,1.36,0,0,0,1,0,0
TXN000632,120.53,18,fuel,online,31.1,770,3,121.15,0.99,0,1,1,1,0,0
TXN000633,83.34,19,restaurant,online,0.0,360,0,78.22,1.07,0,0,0,1,0,0
TXN000634,35.27,9,utilities,online,74.13,190,2,73.94,0.48,1,1,0,1,0,0
TXN000635,75.1,13,entertainment,online,0.0,2263,0,68.68,1.09,0,0,0,1,0,0
TXN000636,177.41,11,healthcare,mobile_app,0.0,959,1,79.41,2.23,0,1,0,1,0,0
TXN000637,477.18,19,entertainment,online,307.34,0,2,44.75,10.66,1,1,1,0,0,1
TXN000638,0.0,8,grocery,mobile_app,0.0,673,0,71.44,0.0,0,1,0,1,0,0
TXN000639,37.34,22,grocery,in_store,56.07,1926,0,66.33,0.56,0,1,0,1,0,0
TXN000640,7.14,19,fuel,mobile_app,57.23,1203,2,30.37,0.24,0,0,0,1,0,0
TXN000641,0.0,20,jewelry,atm,0.0,2763,2,146.8,0.0,0,1,0,1,0,0
TXN000642,271.45,7,online_retail,online,35.55,1144,1,125.86,2.16,0,1,0,1,0,0
TXN000643,552.49,23,online_retail,online,456.34,0,8,315.52,1.75,0,1,1,0,1,1
TXN000644,155.79,19,travel,online,0.0,4569,1,188.99,0.82,0,1,0,1,0,0
TXN000645,0.0,10,online_retail,online,108.41,3313,2,72.11,0.0,0,0,0,1,0,0
TXN000646,128.18,11,restaurant,in_store,60.65,2947,3,113.1,1.13,0,1,0,1,0,0
TXN000647,237.26,14,grocery,online,41.33,3159,3,47.47,5.0,0,1,0,1,0,0
TXN000648,103.0,12,healthcare,in_store,0.0,930,0,79.39,1.3,0,0,0,1,0,0
TXN000649,0.0,20,fuel,online,24.34,3360,1,10.72,0.0,0,1,0,1,0,1
TXN000650,12.39,19,online_retail,online,0.0,2093,2,114.23,0.11,0,0,1,1,0,0
TXN000651,73.41,20,utilities,mobile_app,10.08,108,3,108.04,0.68,0,1,0,1,0,0
TXN000652,198.4,1,restaurant,atm,30.98,2725,3,29.79,6.66,0,1,0,1,0,0
TXN000653,95.31,16,grocery,in_store,0.0,0,2,33.35,2.86,0,1,0,1,0,0
TXN000654,212.27,8,electronics,online,0.0,3234,4,19.54,10.86,0,0,0,1,0,0
TXN000655,59.0,19,entertainment,in_store,139.54,3056,0,68.77,0.86,0,1,0,1,0,0
TXN000656,0.0,19,electronics,mobile_app,23.71,889,2,20.57,0.0,0,0,0,1,0,1
TXN000657,21.96,21,fuel,in_store,48.61,3367,1,111.84,0.2,0,1,0,1,0,0
TXN000658,185.79,12,grocery,online,7.09,2694,0,1.0,185.79,0,0,0,1,1,0
TXN000659,46.53,13,utilities,in_store,0.0,2626,1,87.21,0.53,0,1,1,1,0,0
TXN000660,141.6,16,entertainment,in_store,1.75,2498,3,13.89,10.19,0,1,0,1,0,0
TXN000661,165.1,17,electronics,mobile_app,4.23,1707,0,42.48,3.89,0,1,0,1,0,1
TXN000662,95.2,21,online_retail,online,37.8,1038,3,166.19,0.57,0,0,0,1,1,0
TXN000663,50.2,3,entertainment,mobile_app,42.71,1779,5,183.54,0.27,0,0,0,1,0,0
TXN000664,174.36,13,restaurant,in_store,43.03,1412,0,234.92,0.74,0,0,1,1,0,0
TXN000665,0.0,5,utilities,mobile_app,56.81,2378,3,85.1,0.0,0,1,0,1,0,0
TXN000666,49.81,14,grocery,atm,85.35,704,1,119.61,0.42,0,1,0,1,0,0
TXN000667,117.15,9,electronics,mobile_app,17.99,3406,4,106.82,1.1,0,0,0,1,0,0
TXN000668,161.32,19,grocery,in_store,49.78,825,1,89.26,1.81,0,1,0,1,0,0
TXN000669,126.64,13,grocery,in_store,47.14,1408,0,177.89,0.71,0,1,0,1,0,0
TXN000670,190.95,19,grocery,in_store,0.0,0,0,71.54,2.67,0,0,0,1,0,0
TXN000671,0.0,11,entertainment,in_store,4.73,2490,2,62.96,0.0,0,0,0,1,0,0
TXN000672,243.33,22,restaurant,online,0.0,1302,4,124.82,1.95,0,1,0,1,0,0
TXN000673,85.34,8,fuel,online,23.44,1708,0,91.31,0.93,0,1,0,1,0,0
TXN000674,0.0,21,grocery,in_store,0.0,2619,0,90.68,0.0,0,1,0,1,0,1
TXN000675,55.4,18,restaurant,in_store,37.25,2176,2,60.36,0.92,0,1,0,1,0,0
TXN000676,1161.1,23,jewelry,online,507.9,935,8,90.36,12.85,1,1,1,1,0,1
TXN000677,33.86,19,fuel,atm,55.85,2354,1,39.5,0.86,0,1,1,1,0,0
TXN000678,39.55,9,grocery,in_store,75.07,1379,0,114.98,0.34,0,1,0,1,0,0
TXN000679,197.96,14,online_retail,atm,0.0,669,0,155.97,1.27,0,1,0,1,0,0
TXN000680,50.45,15,travel,atm,0.0,1678,4,17.66,2.86,0,1,0,1,0,0
TXN000681,57.7,23,electronics,in_store,135.12,2364,1,59.04,0.98,0,1,0,1,0,0
TXN000682,314.73,14,fuel,online,48.74,3979,0,73.06,4.31,0,0,0,1,0,0
TXN000683,32.39,22,electronics,in_store,15.84,3349,0,122.07,0.27,0,0,0,1,0,0
TXN000684,1279.25,8,electronics,online,909.1,455,7,323.2,3.96,0,0,0,0,2,1
TXN000685,33.57,4,jewelry,mobile_app,2.21,681,2,107.23,0.31,0,1,0,1,0,1
TXN000686,799.88,1,travel,atm,144.05,0,3,83.71,9.56,0,1,1,1,0,1
TXN000687,167.22,4,travel,online,0.0,3121,0,158.79,1.05,0,1,0,1,0,0
TXN000688,0.0,10,jewelry,in_store,3.5,2078,1,133.49,0.0,0,1,0,1,0,0
TXN000689,0.0,14,utilities,mobile_app,0.0,2688,4,21.7,0.0,1,0,0,1,0,0
TXN000690,129.58,6,grocery,in_store,0.0,1203,3,82.29,1.57,0,1,0,1,0,0
TXN000691,0.0,13,restaurant,atm,121.24,2647,3,67.82,0.0,1,1,0,1,0,0
TXN000692,133.65,13,fuel,atm,0.0,3698,4,47.69,2.8,0,0,0,1,0,0
TXN000693,120.34,20,entertainment,atm,21.79,4159,2,90.89,1.32,0,1,0,1,0,0
TXN000694,153.99,14,online_retail,mobile_app,18.03,2930,4,67.44,2.28,0,1,0,1,0,0
TXN000695,77.33,13,healthcare,mobile_app,41.43,1470,1,79.39,0.97,0,1,0,1,0,0
TXN000696,127.24,17,grocery,online,0.0,138,0,94.18,1.35,0,1,0,1,0,0
TXN000697,193.2,14,grocery,mobile_app,62.15,1612,0,88.19,2.19,0,1,0,1,0,0
TXN000698,181.65,23,grocery,online,31.44,1905,0,183.81,0.99,0,1,0,1,0,0
TXN000699,130.04,23,grocery,in_store,0.0,1162,1,68.06,1.91,0,1,0,1,0,0
TXN000700,48.63,11,online_retail,in_store,8.99,2999,0,70.58,0.69,0,1,0,1,0,0
TXN000701,157.06,1,restaurant,atm,8.16,533,2,252.43,0.62,0,1,0,1,0,0
TXN000702,141.33,20,restaurant,online,0.0,1600,2,38.54,3.67,0,1,0,1,0,0
TXN000703,150.06,6,electronics,atm,36.62,575,0,117.97,1.27,0,1,0,1,0,0
TXN000704,11.46,9,grocery,in_store,33.62,3292,1,104.15,0.11,0,0,1,1,0,0
TXN000705,2.96,21,fuel,mobile_app,23.44,1349,1,36.81,0.08,0,1,0,1,0,0
TXN000706,100.93,21,utilities,atm,18.05,2672,0,190.23,0.53,0,0,0,1,0,0
TXN000707,35.93,11,entertainment,in_store,14.45,3414,1,70.72,0.51,0,1,1,1,0,0
TXN000708,12.2,20,utilities,atm,0.0,1305,2,58.11,0.21,0,1,0,1,0,0
TXN000709,206.53,4,restaurant,online,39.59,989,1,45.72,4.52,0,1,0,1,0,0
TXN000710,88.93,9,restaurant,atm,26.5,2833,2,9.89,8.99,0,1,0,1,1,0
TXN000711,170.98,20,electronics,in_store,0.0,224,3,97.75,1.75,0,0,0,1,0,0
TXN000712,189.66,17,fuel,online,31.1,2923,1,181.65,1.04,0,1,0,1,0,0
TXN000713,67.51,11,fuel,online,32.3,2511,1,94.95,0.71,0,1,0,1,0,0
TXN000714,91.07,10,restaurant,online,64.73,2706,3,159.5,0.57,0,0,0,1,0,0
TXN000715,151.7,19,utilities,in_store,33.66,1575,2,249.19,0.61,0,1,0,1,0,0
TXN000716,18.35,17,fuel,online,24.49,1039,1,338.27,0.05,0,1,0,1,0,0
TXN000717,20.26,11,fuel,online,50.39,2211,1,46.39,0.44,0,1,0,1,0,0
TXN000718,325.31,14,online_retail,mobile_app,6.77,3322,0,128.91,2.52,0,1,0,1,0,0
TXN000719,0.0,19,grocery,mobile_app,25.96,1602,1,178.43,0.0,0,1,0,1,0,0
TXN000720,192.3,8,restaurant,in_store,0.0,2846,1,139.24,1.38,0,1,0,1,0,0
TXN000721,77.02,13,restaurant,mobile_app,57.56,603,1,60.14,1.28,0,1,1,1,0,0
TXN000722,385.84,19,fuel,in_store,0.0,2605,2,70.68,5.46,0,1,0,1,0,0
TXN000723,173.42,20,online_retail,atm,43.7,2815,0,151.88,1.14,0,0,0,1,0,0
TXN000724,166.48,9,electronics,online,4.78,1557,0,287.3,0.58,0,1,1,1,0,0
TXN000725,154.65,11,restaurant,in_store,46.41,1340,2,162.79,0.95,0,0,1,1,0,0
TXN000726,0.0,1,grocery,mobile_app,0.0,1487,1,100.06,0.0,0,1,0,1,0,0
TXN000727,102.69,14,electronics,in_store,20.14,2900,2,142.11,0.72,0,1,0,1,0,0
TXN000728,23.54,17,grocery,mobile_app,39.06,3243,4,24.26,0.97,0,1,0,1,0,1
TXN000729,0.0,12,grocery,in_store,20.32,593,3,69.7,0.0,0,0,1,1,0,0
TXN000730,33.36,9,grocery,atm,0.0,2334,3,128.22,0.26,0,1,0,1,0,0
TXN000731,425.73,11,utilities,online,34.08,413,2,374.47,1.14,0,0,0,1,0,0
TXN000732,53.62,18,grocery,in_store,0.0,1881,1,176.79,0.3,0,1,0,1,0,0
TXN000733,202.58,22,online_retail,online,0.0,667,3,46.94,4.32,0,1,0,1,0,0
TXN000734,196.43,15,grocery,in_store,0.0,1294,4,1.0,196.43,0,1,0,1,0,0
TXN000735,226.34,18,restaurant,mobile_app,68.1,3960,1,77.8,2.91,0,1,0,0,0,0
TXN000736,186.45,14,fuel,online,23.44,1302,1,90.61,2.06,0,0,0,1,0,0
TXN000737,209.05,19,grocery,atm,24.59,340,0,73.4,2.85,0,1,0,1,0,0
TXN000738,90.73,20,fuel,mobile_app,76.77,3233,0,61.86,1.47,0,1,0,1,0,0
TXN000739,74.87,9,fuel,online,0.0,1093,2,158.3,0.47,0,1,0,1,0,0
TXN000740,97.19,20,electronics,in_store,29.12,2800,4,86.94,1.12,0,1,0,1,0,0
TXN000741,152.19,17,entertainment,in_store,9.59,608,1,14.19,10.73,0,1,0,1,0,0
TXN000742,108.47,21,online_retail,atm,10.02,1178,0,95.48,1.14,0,0,0,1,0,0
TXN000743,108.3,14,entertainment,in_store,62.57,1624,1,1.0,108.3,0,1,0,1,0,0
TXN000744,11.69,11,grocery,in_store,99.04,0,2,127.39,0.09,0,1,0,1,0,0
TXN000745,0.0,8,fuel,mobile_app,0.0,2247,1,90.6,0.0,0,0,0,1,0,0
TXN000746,249.99,4,restaurant,atm,40.74,255,0,64.82,3.86,0,1,0,1,0,0
TXN000747,89.95,5,electronics,online,26.09,1957,1,208.07,0.43,0,1,0,1,0,0
TXN000748,47.29,21,grocery,online,26.01,3272,2,1.0,47.29,0,0,0,1,0,0
TXN000749,38.4,21,electronics,atm,21.53,1856,1,80.52,0.48,0,1,0,1,0,0
TXN000750,67.09,3,fuel,in_store,0.0,1536,2,59.03,1.14,0,1,0,1,0,0
TXN000751,240.64,11,electronics,online,0.0,1750,1,70.4,3.42,0,1,0,1,0,0
TXN000752,107.52,23,online_retail,in_store,79.87,772,2,156.7,0.69,0,0,0,1,0,0
TXN000753,227.11,12,restaurant,online,0.0,439,1,1.0,227.11,0,1,0,0,0,0
TXN000754,49.2,8,grocery,online,39.21,3045,1,55.25,0.89,0,0,0,1,0,0
TXN000755,70.65,23,travel,in_store,3.35,2387,2,19.97,3.54,0,0,0,1,0,0
TXN000756,64.51,16,fuel,in_store,0.0,1273,1,55.17,1.17,0,1,0,1,0,0
TXN000757,0.0,19,restaurant,in_store,21.43,1860,4,134.38,0.0,0,1,1,1,0,0
TXN000758,168.44,20,fuel,in_store,3.06,2813,1,128.46,1.31,0,0,0,1,0,0
TXN000759,156.25,12,entertainment,online,0.0,3064,2,50.26,3.11,0,0,0,1,0,0
TXN000760,187.43,15,entertainment,mobile_app,16.14,2125,3,148.31,1.26,0,1,0,1,0,0
TXN000761,0.0,16,grocery,online,9.75,3104,0,173.42,0.0,0,1,0,1,0,0
TXN000762,0.0,23,electronics,online,48.36,211,2,41.05,0.0,0,1,0,1,0,0
TXN000763,47.28,2,entertainment,online,0.0,2143,1,42.2,1.12,0,1,0,1,0,0
TXN000764,295.45,16,electronics,online,0.0,1405,1,130.86,2.26,1,1,0,1,0,0
TXN000765,87.5,16,restaurant,in_store,58.09,2362,3,67.99,1.29,0,1,0,1,0,0
TXN000766,42.58,7,electronics,online,10.06,2250,5,75.29,0.57,0,0,0,1,0,0
TXN000767,16.74,15,restaurant,atm,0.0,652,1,39.98,0.42,0,1,0,0,0,0
TXN000768,51.54,17,grocery,in_store,0.0,2103,2,95.64,0.54,0,1,0,1,0,0
TXN000769,146.46,12,grocery,atm,0.0,469,2,116.56,1.26,0,0,0,1,0,0
TXN000770,139.08,0,electronics,atm,11.74,3894,2,54.98,2.53,0,0,0,1,1,0
TXN000771,263.48,10,online_retail,in_store,7.3,4055,3,24.31,10.84,0,0,0,1,0,0
TXN000772,12.02,3,restaurant,in_store,0.0,1700,0,234.63,0.05,0,1,0,1,0,0
TXN000773,121.69,17,online_retail,online,41.59,1999,1,93.17,1.31,0,0,0,1,0,0
TXN000774,79.12,8,grocery,in_store,76.52,1076,3,273.72,0.29,0,1,0,1,0,0
TXN000775,11.19,12,restaurant,mobile_app,0.0,1568,2,49.7,0.23,0,0,0,1,0,0
TXN000776,153.4,6,grocery,atm,0.0,4163,2,143.89,1.07,0,1,0,1,1,0
TXN000777,62.41,7,utilities,mobile_app,46.55,0,0,23.15,2.7,0,1,0,1,0,0
TXN000778,36.1,8,restaurant,mobile_app,87.9,336,0,45.99,0.78,0,1,0,1,0,0
TXN000779,89.81,13,travel,mobile_app,0.0,3026,2,86.31,1.04,0,0,0,1,0,0
TXN000780,142.74,7,restaurant,mobile_app,58.04,2536,3,30.31,4.71,1,0,0,0,0,0
TXN000781,81.34,8,grocery,in_store,77.28,2157,5,220.23,0.37,1,1,0,0,0,0
TXN000782,157.85,14,restaurant,in_store,0.0,2801,2,145.25,1.09,0,0,0,1,0,0
TXN000783,63.26,18,grocery,in_store,72.33,745,0,33.47,1.89,0,0,0,1,0,0
TXN000784,0.0,19,restaurant,mobile_app,0.0,2824,1,137.49,0.0,0,1,0,1,0,0
TXN000785,111.66,12,online_retail,online,35.39,92,1,163.17,0.68,0,0,0,1,0,0
TXN000786,92.56,5,restaurant,online,0.0,1165,1,354.07,0.26,0,1,0,1,0,0
TXN000787,31.75,7,online_retail,online,69.37,3066,0,75.9,0.42,0,0,0,1,0,0
TXN000788,155.55,18,fuel,atm,39.67,74,1,51.18,3.04,0,1,0,1,0,0
TXN000789,11.92,21,utilities,mobile_app,91.99,947,2,48.18,0.25,0,1,0,1,0,0
TXN000790,100.78,18,online_retail,in_store,73.04,3072,1,117.46,0.86,0,0,0,1,0,0
TXN000791,60.78,8,electronics,online,6.1,2662,3,82.57,0.74,0,0,0,1,0,0
TXN000792,194.83,16,online_retail,mobile_app,158.23,1938,1,39.22,4.97,0,1,0,1,0,0
TXN000793,212.76,8,restaurant,online,59.9,3370,1,59.83,3.56,0,1,1,1,0,0
TXN000794,171.87,15,restaurant,atm,32.79,3253,2,58.55,2.94,0,1,0,1,0,0
TXN000795,24.87,15,entertainment,online,0.0,2746,1,283.4,0.09,0,1,0,1,0,0
TXN000796,0.0,14,online_retail,atm,0.0,894,2,255.5,0.0,0,0,0,1,0,0
TXN000797,229.79,13,restaurant,online,0.0,2443,0,181.72,1.26,0,0,0,1,1,1
TXN000798,156.71,16,grocery,in_store,0.0,497,2,150.5,1.04,0,1,0,1,0,0
TXN000799,134.69,15,restaurant,atm,78.66,2984,0,224.76,0.6,0,1,0,1,0,0
TXN000800,79.55,13,healthcare,online,30.65,50,1,28.65,2.78,0,1,0,1,0,0
TXN000801,125.75,15,restaurant,in_store,0.0,2739,2,337.19,0.37,0,1,0,1,0,0
TXN000802,90.13,3,healthcare,in_store,0.0,2895,1,136.14,0.66,0,1,0,1,0,0
TXN000803,207.29,12,grocery,in_store,0.0,2038,5,101.59,2.04,0,1,0,1,0,1
TXN000804,93.64,8,fuel,online,41.66,3117,3,14.24,6.58,0,1,0,1,0,0
TXN000805,0.0,14,grocery,in_store,0.0,895,0,116.7,0.0,0,0,0,1,0,0
TXN000806,139.76,20,travel,mobile_app,31.33,487,2,104.99,1.33,0,0,0,1,0,0
TXN000807,43.48,4,restaurant,mobile_app,19.05,3052,1,30.16,1.44,0,0,0,1,0,0
TXN000808,0.0,20,online_retail,mobile_app,0.0,2812,2,87.55,0.0,0,0,1,1,0,0
TXN000809,134.76,14,entertainment,online,73.8,2358,1,99.34,1.36,0,1,0,1,0,0
TXN000810,330.53,16,online_retail,online,273.05,0,3,211.78,1.56,0,0,1,1,0,1
TXN000811,184.44,19,electronics,in_store,0.0,1823,1,94.71,1.95,0,0,0,1,0,0
TXN000812,0.37,10,entertainment,mobile_app,47.88,3285,0,53.58,0.01,0,0,0,1,0,0
TXN000813,51.94,21,restaurant,online,4.89,840,3,105.87,0.49,1,0,0,1,0,0
TXN000814,139.94,3,entertainment,online,37.8,3462,1,79.03,1.77,0,1,0,1,0,0
TXN000815,21.5,0,fuel,in_store,0.0,998,2,44.47,0.48,0,1,0,1,0,0
TXN000816,63.03,9,restaurant,atm,37.91,1859,1,60.54,1.04,0,0,0,1,0,0
TXN000817,120.24,13,grocery,in_store,101.21,3187,2,269.01,0.45,0,0,0,1,0,0
TXN000818,46.61,11,grocery,mobile_app,0.0,1565,3,145.09,0.32,0,1,0,1,0,0
TXN000819,30.76,1,travel,in_store,23.22,0,0,74.81,0.41,0,1,0,1,0,0
TXN000820,21.03,1,electronics,mobile_app,0.0,1455,2,105.34,0.2,0,1,0,1,0,0
TXN000821,85.13,8,utilities,online,132.18,1389,2,28.02,3.04,0,1,0,1,0,0
TXN000822,151.48,13,entertainment,online,61.73,1672,1,50.81,2.98,0,0,0,1,0,0
TXN000823,21.86,5,fuel,mobile_app,43.86,2926,2,144.45,0.15,0,0,0,1,0,0
TXN000824,20.64,23,online_retail,online,0.0,1401,1,208.17,0.1,0,0,0,1,0,0
TXN000825,34.2,21,fuel,mobile_app,11.38,1899,1,71.56,0.48,0,0,0,1,0,0
TXN000826,261.59,10,grocery,mobile_app,41.61,2448,3,72.47,3.61,0,1,0,1,0,0
TXN000827,108.01,5,restaurant,mobile_app,0.0,2463,1,97.59,1.11,0,1,0,1,0,0
TXN000828,0.0,17,grocery,online,0.0,2908,1,38.93,0.0,0,0,0,0,0,0
TXN000829,0.0,2,electronics,in_store,13.19,2803,1,86.34,0.0,0,1,0,1,0,0
TXN000830,64.41,19,grocery,online,20.75,2656,1,103.88,0.62,0,0,0,1,0,0
TXN000831,166.12,12,grocery,atm,59.56,3512,3,89.69,1.85,0,0,0,0,0,0
TXN000832,50.89,6,grocery,online,0.0,379,1,71.3,0.71,1,1,0,1,0,0
TXN000833,83.33,1,utilities,online,45.13,2073,0,121.63,0.69,0,0,0,1,0,0
TXN000834,81.05,18,restaurant,online,0.0,1013,3,40.31,2.01,0,0,0,1,0,0
TXN000835,1311.42,1,healthcare,atm,1144.16,0,7,169.62,7.73,1,1,1,0,0,1
TXN000836,185.26,10,utilities,mobile_app,15.28,0,4,1.08,171.54,0,1,0,1,0,0
TXN000837,42.57,3,grocery,in_store,34.92,804,0,259.52,0.16,0,0,0,0,0,0
TXN000838,504.48,8,online_retail,online,53.9,1993,1,21.79,23.15,0,0,0,1,0,0
TXN000839,100.44,14,electronics,in_store,0.0,0,0,99.22,1.01,0,0,0,1,0,0
TXN000840,95.43,10,travel,online,0.0,993,1,90.94,1.05,0,1,0,1,0,0
TXN000841,70.16,21,healthcare,online,0.0,1038,0,81.74,0.86,0,0,0,1,0,0
TXN000842,66.1,20,electronics,online,0.0,1014,3,81.33,0.81,0,0,0,1,0,0
TXN000843,0.0,12,grocery,mobile_app,6.79,329,3,161.32,0.0,0,1,0,1,0,0
TXN000844,56.62,3,grocery,mobile_app,8.39,3219,1,101.07,0.56,0,0,0,1,0,0
TXN000845,88.35,15,restaurant,online,0.0,2320,1,61.19,1.44,0,1,0,1,0,1
TXN000846,89.99,21,grocery,in_store,0.0,3152,0,281.89,0.32,0,0,0,1,0,0
TXN000847,98.92,8,online_retail,mobile_app,68.47,206,2,79.46,1.24,0,1,0,1,0,0
TXN000848,205.99,3,electronics,online,53.89,2740,0,30.2,6.82,0,1,1,1,0,0
TXN000849,105.96,0,electronics,in_store,0.0,2853,9,179.28,0.59,0,0,0,1,0,0
TXN000850,296.89,5,online_retail,online,265.31,0,7,168.88,1.76,0,0,1,1,1,1
TXN000851,537.26,3,electronics,in_store,66.69,762,4,141.44,3.8,0,0,1,0,0,1
TXN000852,94.02,15,travel,in_store,0.0,4017,3,182.09,0.52,0,0,0,1,0,0
TXN000853,79.49,20,grocery,mobile_app,0.0,1109,0,150.76,0.53,0,0,0,1,0,0
TXN000854,90.83,12,electronics,online,0.0,1808,0,36.93,2.46,0,0,0,1,0,0
TXN000855,54.18,23,fuel,atm,48.7,74,1,95.05,0.57,0,1,0,1,0,0
TXN000856,642.93,22,online_retail,online,288.88,0,10,378.48,1.7,0,0,0,1,0,1
TXN000857,101.2,16,grocery,mobile_app,0.0,3538,2,127.23,0.8,0,1,0,1,0,0
TXN000858,166.04,19,jewelry,online,33.18,1785,2,97.57,1.7,0,1,0,1,0,0
TXN000859,252.44,6,electronics,online,5.92,1328,4,59.9,4.21,0,0,0,1,0,0
TXN000860,119.17,12,electronics,online,0.0,3076,0,1.0,119.17,0,1,1,1,0,1
TXN000861,25.51,10,grocery,online,0.0,901,2,90.08,0.28,0,1,0,1,0,0
TXN000862,46.27,12,online_retail,in_store,0.0,3715,0,257.84,0.18,0,0,0,1,0,0
TXN000863,135.54,15,entertainment,in_store,58.47,1990,0,106.47,1.27,0,1,0,1,0,0
TXN000864,117.46,14,restaurant,in_store,88.74,428,1,87.99,1.33,0,1,0,1,0,0
TXN000865,180.41,11,electronics,in_store,0.0,1668,1,219.37,0.82,0,1,0,1,0,0
TXN000866,15.86,7,fuel,online,0.0,2031,1,97.12,0.16,0,1,0,1,1,0
TXN000867,126.02,3,online_retail,atm,59.12,1419,1,115.22,1.09,0,0,0,1,1,0
TXN000868,194.43,11,online_retail,online,56.9,3099,1,118.51,1.64,0,1,0,1,0,0
TXN000869,239.26,10,travel,mobile_app,0.0,2053,0,111.79,2.14,0,1,0,1,0,0
TXN000870,124.02,16,restaurant,online,15.41,2164,0,103.99,1.19,0,1,0,1,0,0
TXN000871,88.68,20,utilities,online,3.42,784,1,126.71,0.7,0,0,1,0,0,0
TXN000872,185.37,4,travel,online,0.0,3071,0,124.91,1.48,0,1,0,1,0,0
TXN000873,188.13,9,restaurant,in_store,18.82,2170,2,35.56,5.29,0,0,0,1,0,0
TXN000874,208.87,17,grocery,mobile_app,0.0,1459,1,73.78,2.83,0,1,0,1,0,0
TXN000875,138.11,14,travel,mobile_app,0.0,2096,2,25.71,5.37,0,0,0,1,0,0
TXN000876,140.96,21,electronics,in_store,13.46,2427,0,155.46,0.91,0,1,0,1,0,0
TXN000877,144.04,15,jewelry,online,0.0,3852,1,34.04,4.23,0,0,0,1,0,0
TXN000878,133.59,10,electronics,in_store,0.0,3202,0,270.92,0.49,0,1,0,1,1,1
TXN000879,421.09,17,electronics,mobile_app,463.75,341,4,165.18,2.55,1,0,1,0,0,1
TXN000880,156.06,23,restaurant,mobile_app,0.0,2589,0,179.63,0.87,0,1,0,1,1,1
TXN000881,665.54,6,travel,online,630.06,27,3,197.72,3.37,0,1,1,0,0,1
TXN000882,86.59,9,restaurant,online,96.22,2916,2,68.3,1.27,0,1,0,1,0,0
TXN000883,152.36,15,fuel,online,24.2,3525,4,159.1,0.96,0,1,1,1,0,0
TXN000884,53.52,18,restaurant,in_store,106.31,0,1,49.25,1.09,0,1,0,1,0,0
TXN000885,12.74,17,online_retail,mobile_app,41.89,3035,1,159.61,0.08,0,1,0,1,0,0
TXN000886,278.12,21,fuel,mobile_app,0.0,4332,2,56.35,4.94,0,1,0,1,0,0
TXN000887,524.84,8,grocery,in_store,0.0,249,1,66.63,7.88,0,1,0,1,0,0
TXN000888,452.9,4,online_retail,atm,408.66,0,4,278.34,1.63,1,1,1,0,0,1
TXN000889,69.44,15,fuel,online,22.17,612,0,146.06,0.48,0,1,0,1,0,0
TXN000890,114.78,13,grocery,online,19.61,1919,1,96.9,1.18,0,1,0,1,0,0
TXN000891,163.51,9,online_retail,online,0.0,2315,2,47.99,3.41,0,1,0,1,1,0
TXN000892,30.81,13,electronics,online,0.0,629,2,203.26,0.15,0,1,0,1,0,0
TXN000893,36.36,10,travel,in_store,4.18,3060,5,109.6,0.33,0,1,0,1,0,0
TXN000894,72.32,4,travel,in_store,39.27,3104,2,30.79,2.35,0,0,0,1,0,0
TXN000895,0.0,8,grocery,online,0.0,899,0,81.37,0.0,0,0,1,1,0,0
TXN000896,147.49,20,fuel,in_store,0.0,1925,1,159.57,0.92,0,1,1,1,0,1
TXN000897,195.59,19,electronics,in_store,0.0,605,1,1.0,195.59,0,1,0,1,0,0
TXN000898,20.3,9,utilities,online,5.5,1204,0,143.0,0.14,0,1,0,1,0,0
TXN000899,323.52,18,utilities,online,0.0,2946,0,130.3,2.48,0,0,0,0,0,0
TXN000900,94.22,19,online_retail,atm,41.16,1156,0,29.02,3.25,0,1,0,1,0,0
TXN000901,241.18,14,grocery,mobile_app,0.0,643,2,65.89,3.66,0,1,0,1,0,0
TXN000902,70.63,14,fuel,mobile_app,0.0,1524,3,224.54,0.31,0,1,0,1,0,0
TXN000903,222.75,13,grocery,online,107.94,1751,0,153.4,1.45,0,1,0,1,0,0
TXN000904,133.61,20,restaurant,in_store,0.0,2055,0,39.47,3.39,0,0,0,1,0,0
TXN000905,102.7,19,utilities,online,0.0,950,1,92.64,1.11,1,0,0,1,0,0
TXN000906,123.11,12,healthcare,mobile_app,26.97,2853,0,34.83,3.53,0,0,0,1,0,0
TXN000907,174.6,7,restaurant,mobile_app,0.0,3570,2,38.18,4.57,0,1,0,1,0,0
TXN000908,15.24,12,electronics,atm,60.32,2135,3,214.71,0.07,0,0,1,1,0,0
TXN000909,203.52,17,utilities,mobile_app,44.26,2953,1,162.9,1.25,0,1,0,1,0,0
TXN000910,120.74,19,fuel,mobile_app,25.59,1121,3,156.03,0.77,0,0,1,1,0,0
TXN000911,106.56,20,grocery,in_store,0.0,1170,3,55.91,1.91,0,1,0,1,0,0
TXN000912,0.0,8,restaurant,online,0.0,636,1,115.8,0.0,0,1,0,0,0,0
TXN000913,42.32,21,electronics,online,0.0,1068,2,76.02,0.56,0,1,0,1,0,0
TXN000914,0.0,11,travel,online,51.27,2260,0,1.77,0.0,0,1,1,1,0,0
TXN000915,33.13,21,restaurant,in_store,51.83,3485,0,28.06,1.18,0,0,0,1,0,0
TXN000916,1089.77,5,online_retail,in_store,1179.91,0,11,138.41,7.87,0,0,0,1,1,1
TXN000917,8.63,8,grocery,in_store,0.0,1691,4,144.02,0.06,1,1,1,1,0,0
TXN000918,81.61,0,grocery,atm,70.99,2332,0,67.61,1.21,0,1,0,1,0,0
TXN000919,0.0,4,online_retail,atm,11.41,2751,0,105.92,0.0,0,0,0,1,0,0
TXN000920,78.53,13,utilities,online,91.42,554,1,36.04,2.18,0,1,1,1,0,0
TXN000921,204.22,16,entertainment,online,13.63,538,2,117.7,1.74,0,1,0,1,0,0
TXN000922,286.08,14,jewelry,atm,571.01,0,5,364.07,0.79,0,0,0,0,2,1
TXN000923,82.75,8,online_retail,mobile_app,0.93,50,0,183.49,0.45,0,1,1,0,0,0
TXN000924,386.34,16,restaurant,online,62.96,1944,0,108.41,3.56,0,0,0,1,0,0
TXN000925,50.18,19,restaurant,in_store,42.27,523,2,179.29,0.28,1,0,1,1,0,1
TXN000926,120.1,13,online_retail,in_store,92.04,12,2,177.77,0.68,0,0,0,1,0,0
TXN000927,158.43,9,online_retail,online,13.18,2425,0,51.4,3.08,0,1,0,1,0,0
TXN000928,81.81,9,entertainment,online,1.54,2127,0,106.41,0.77,0,1,1,1,0,0
TXN000929,89.26,9,grocery,online,30.38,490,3,52.5,1.7,0,1,0,1,0,0
TXN000930,184.27,14,fuel,in_store,70.02,4042,2,141.78,1.3,0,1,0,1,0,0
TXN000931,0.0,17,grocery,in_store,59.66,465,2,102.56,0.0,1,0,0,1,0,0
TXN000932,81.84,8,jewelry,atm,11.86,726,3,126.02,0.65,0,1,0,1,0,0
TXN000933,86.57,23,grocery,in_store,0.0,1751,0,177.79,0.49,0,0,0,1,0,0
TXN000934,37.15,21,healthcare,atm,43.42,2875,1,78.65,0.47,0,1,0,1,0,0
TXN000935,817.55,5,jewelry,online,294.25,106,4,85.39,9.57,1,0,0,0,0,1
TXN000936,0.0,20,online_retail,online,15.83,2186,0,82.02,0.0,0,0,1,1,0,0
TXN000937,123.72,6,grocery,atm,19.93,1189,1,134.78,0.92,0,0,0,1,0,0
TXN000938,90.56,4,online_retail,mobile_app,0.0,2303,1,125.6,0.72,0,0,1,1,0,0
TXN000939,64.56,7,fuel,atm,46.93,0,1,44.04,1.47,0,1,0,1,0,0
TXN000940,92.74,18,travel,mobile_app,105.62,3085,0,120.53,0.77,0,1,0,1,0,0
TXN000941,46.66,17,restaurant,in_store,0.0,1443,3,192.43,0.24,0,0,0,1,0,0
TXN000942,99.61,4,utilities,mobile_app,59.77,169,0,85.21,1.17,0,1,0,1,0,0
TXN000943,0.0,8,utilities,in_store,131.04,3056,1,47.32,0.0,0,1,0,1,1,0
TXN000944,265.44,15,fuel,in_store,49.41,2579,0,21.36,12.43,0,0,0,1,0,0
TXN000945,35.45,19,electronics,online,0.0,2324,2,72.19,0.49,0,1,0,1,0,0
TXN000946,92.31,10,electronics,mobile_app,16.19,3027,1,95.32,0.97,0,1,0,1,0,0
TXN000947,77.25,10,utilities,in_store,21.97,2366,1,106.55,0.73,0,1,0,1,0,0
TXN000948,81.51,21,fuel,in_store,64.04,2003,4,112.35,0.73,0,0,0,1,0,0
TXN000949,0.0,14,online_retail,in_store,87.81,1191,0,90.97,0.0,0,0,0,1,0,0
TXN000950,148.72,21,utilities,in_store,0.0,2994,3,70.86,2.1,0,1,0,1,0,0
TXN000951,199.1,10,healthcare,in_store,0.0,1720,1,65.74,3.03,0,1,1,1,0,0
TXN000952,77.33,13,restaurant,in_store,3.63,2206,2,41.25,1.87,0,1,0,1,0,0
TXN000953,0.0,11,travel,atm,0.0,629,5,101.67,0.0,0,0,0,1,0,0
TXN000954,0.0,18,grocery,atm,0.0,1884,0,202.32,0.0,0,1,0,1,0,0
TXN000955,0.0,11,entertainment,online,0.0,761,0,166.59,0.0,0,0,0,1,0,0
TXN000956,25.31,13,online_retail,mobile_app,3.54,996,3,90.6,0.28,0,1,0,1,0,0
TXN000957,335.78,19,entertainment,online,0.0,795,1,119.32,2.81,0,1,0,1,0,0
TXN000958,0.0,16,restaurant,atm,0.0,623,0,100.6,0.0,0,1,1,1,0,0
TXN000959,75.28,21,utilities,mobile_app,18.42,3119,3,179.82,0.42,0,1,0,1,0,0
TXN000960,1809.28,5,travel,online,557.94,580,3,233.54,7.75,0,0,1,1,1,1
TXN000961,54.54,17,fuel,online,0.0,1617,3,36.08,1.51,0,0,0,1,0,1
TXN000962,112.34,17,utilities,mobile_app,75.82,1442,2,240.13,0.47,0,0,0,1,0,0
TXN000963,261.2,15,jewelry,online,15.93,402,5,32.44,8.05,0,0,0,1,0,1
TXN000964,415.49,9,restaurant,mobile_app,0.0,1170,1,36.81,11.29,0,0,0,1,1,0
TXN000965,344.84,20,fuel,mobile_app,0.0,3011,1,20.54,16.79,0,1,0,1,0,0
TXN000966,735.6,3,restaurant,online,355.57,43,3,26.61,27.64,1,1,1,1,1,1
TXN000967,18.16,11,online_retail,in_store,60.1,3126,3,164.87,0.11,0,0,1,1,0,0
TXN000968,114.86,10,travel,in_store,0.0,1692,1,195.29,0.59,0,1,0,1,0,0
TXN000969,184.59,1,grocery,mobile_app,26.42,1150,1,49.52,3.73,0,0,0,1,0,0
TXN000970,0.0,10,grocery,atm,17.14,0,0,34.77,0.0,0,1,0,1,0,1
TXN000971,46.74,14,online_retail,mobile_app,93.66,3288,0,1.0,46.74,0,1,0,1,0,0
TXN000972,0.0,13,grocery,online,20.7,2989,4,85.59,0.0,0,1,1,1,0,0
TXN000973,21.62,13,entertainment,in_store,0.0,3286,4,101.35,0.21,0,0,0,1,0,0
TXN000974,100.22,10,restaurant,atm,36.47,2612,0,130.14,0.77,0,0,0,1,0,0
TXN000975,73.02,18,utilities,mobile_app,38.75,2851,0,289.7,0.25,0,1,0,1,0,0
TXN000976,41.89,17,restaurant,in_store,0.0,2226,2,85.22,0.49,0,1,0,1,0,0
TXN000977,97.69,1,utilities,mobile_app,0.0,107,0,45.06,2.17,0,1,1,0,0,0
TXN000978,90.11,17,online_retail,atm,27.09,1869,0,29.24,3.08,0,1,0,1,0,0
TXN000979,43.92,7,jewelry,mobile_app,9.68,1443,1,60.02,0.73,0,1,0,1,0,0
TXN000980,90.19,12,utilities,in_store,0.0,2322,2,264.94,0.34,0,1,0,1,0,0
TXN000981,61.35,21,grocery,online,12.05,618,1,123.07,0.5,0,1,0,0,0,0
TXN000982,38.13,6,electronics,in_store,0.0,2312,3,27.56,1.38,1,0,0,1,0,0
TXN000983,168.45,8,utilities,in_store,0.0,1400,5,118.9,1.42,0,0,0,1,0,0
TXN000984,0.0,5,grocery,online,2.27,1057,0,57.58,0.0,0,1,0,1,0,0
TXN000985,25.69,11,utilities,online,56.63,903,3,131.19,0.2,0,1,0,1,0,0
TXN000986,0.0,17,fuel,in_store,59.95,1726,4,11.9,0.0,0,1,0,1,0,0
TXN000987,220.94,21,restaurant,online,53.39,3454,1,46.86,4.71,0,1,0,1,0,0
TXN000988,148.06,16,fuel,online,17.6,1217,1,49.95,2.96,0,1,0,1,0,0
TXN000989,21.94,23,online_retail,mobile_app,29.61,524,2,139.77,0.16,0,0,0,1,0,0
TXN000990,68.89,3,grocery,online,5.12,2830,0,92.37,0.75,0,0,0,1,0,0
TXN000991,101.48,20,online_retail,online,0.0,2600,1,62.0,1.64,0,0,0,1,0,0
TXN000992,67.77,20,utilities,online,0.0,1590,2,64.47,1.05,0,0,0,0,0,0
TXN000993,376.35,5,grocery,in_store,128.69,0,8,513.3,0.73,1,1,1,0,0,1
TXN000994,132.16,11,online_retail,in_store,78.62,3014,1,169.43,0.78,0,1,0,1,0,0
TXN000995,41.92,12,online_retail,in_store,59.19,2816,1,96.97,0.43,0,0,0,1,0,0
TXN000996,221.59,20,online_retail,in_store,0.0,3271,2,90.7,2.44,0,0,0,1,0,0
TXN000997,37.29,19,online_retail,online,11.14,990,3,121.86,0.31,0,1,0,1,1,0
TXN000998,143.28,13,utilities,in_store,0.0,2454,2,76.11,1.88,0,1,0,1,0,0
TXN000999,31.63,15,electronics,online,2.4,1580,3,1.0,31.63,0,1,0,1,0,0
TXN001000,204.81,12,grocery,in_store,0.0,3421,2,373.54,0.55,0,1,0,1,0,0
