Sample_ID,Soil_pH,Moisture,Nitrogen,Phosphorus,Potassium,Organic_Carbon,Electrical_Conductivity,Temperature,Humidity,Rainfall,Soil_Texture,Soil_Type,Class
1,7.05,16.5,100,41,164,0.57,0.4,32.8,67.7,231.2,Sandy,Black,Rice
2,5.3,29.0,184,13,337,0.68,1.98,28.9,48.2,230.9,Sandy,Red,Rice
3,7.23,35.4,69,37,222,0.49,1.2,25.2,55.6,136.7,Sandy,Laterite,Rice
4,6.72,73.4,126,20,332,0.86,1.92,35.7,56.7,115.8,Sandy,Black,Rice
5,7.12,61.4,50,39,101,1.02,1.41,34.7,44.8,163.0,Loamy,Black,Rice
6,6.95,25.3,216,41,133,1.18,0.88,36.5,76.3,123.7,Loamy,Black,Rice
7,5.73,16.9,110,61,187,0.43,2.75,29.3,78.1,121.7,Silty,Laterite,Rice
8,7.83,53.6,66,43,121,0.77,1.73,23.3,70.1,320.4,Silty,Alluvial,Rice
9,5.7,74.9,160,73,96,1.74,2.6,21.1,44.6,257.3,Sandy,Laterite,Rice
10,6.22,74.8,165,42,333,1.94,0.13,32.4,75.9,215.7,Loamy,Alluvial,Rice
11,5.36,41.1,146,10,184,2.15,2.31,28.2,41.4,241.3,Clay,Red,Rice
12,6.2,24.7,165,10,215,1.23,0.42,25.3,94.1,294.0,Clay,Black,Rice
13,5.77,49.0,50,20,298,1.85,2.94,28.7,42.5,251.3,Clay,Alluvial,Rice
14,6.69,51.4,84,79,152,1.65,1.26,31.4,57.4,320.9,Silty,Black,Rice
15,5.79,18.8,35,85,333,0.74,0.74,19.4,72.9,126.4,Sandy,Alluvial,Rice
16,5.23,29.3,201,72,159,1.32,2.2,35.6,69.6,130.5,Silty,Laterite,Rice
17,5.61,20.8,140,55,266,1.08,2.61,19.1,74.2,247.4,Sandy,Laterite,Rice
18,7.33,63.0,57,41,148,0.66,1.4,26.4,51.7,132.4,Sandy,Laterite,Rice
19,7.59,66.4,55,16,326,1.89,2.91,36.5,85.9,108.2,Silty,Laterite,Rice
20,5.68,39.1,45,31,244,0.3,1.23,36.5,82.1,142.7,Silty,Red,Rice
21,5.61,28.1,44,84,327,0.42,1.01,19.0,63.6,326.6,Clay,Black,Rice
22,8.07,19.8,77,18,84,1.58,0.78,20.4,88.4,131.4,Sandy,Black,Rice
23,6.34,50.0,163,50,183,0.69,2.18,22.8,58.7,254.8,Loamy,Laterite,Rice
24,6.01,60.1,48,11,284,1.48,1.73,20.0,67.3,206.7,Clay,Alluvial,Rice
25,7.82,67.8,124,46,130,1.13,1.68,24.1,94.0,294.1,Sandy,Alluvial,Rice
26,7.98,21.2,64,43,109,1.99,2.25,21.1,51.9,121.1,Loamy,Red,Rice
27,7.2,66.2,159,72,178,2.02,2.55,19.8,60.4,140.2,Sandy,Alluvial,Rice
28,7.47,53.2,97,30,276,1.35,1.34,18.2,39.5,316.1,Clay,Black,Rice
29,7.67,50.0,67,65,115,0.38,1.16,36.7,93.3,71.6,Loamy,Red,Rice
30,7.18,55.0,120,81,258,2.15,2.27,36.5,49.2,107.1,Clay,Laterite,Rice
31,5.08,59.2,115,62,177,0.81,2.38,20.2,87.3,309.0,Clay,Red,Rice
32,7.61,42.6,108,39,164,0.34,0.66,24.6,86.9,340.4,Loamy,Alluvial,Rice
33,7.05,39.0,167,52,64,0.52,2.91,21.6,92.8,137.0,Sandy,Laterite,Rice
34,6.11,62.2,141,87,311,0.52,2.71,21.8,37.7,186.5,Clay,Alluvial,Rice
35,6.38,71.9,114,89,210,1.56,0.46,36.0,65.4,253.4,Loamy,Laterite,Rice
36,7.23,48.3,79,63,244,1.59,2.72,30.3,53.1,218.9,Sandy,Alluvial,Rice
37,5.92,40.8,178,87,214,1.18,1.38,22.3,63.4,321.3,Clay,Black,Rice
38,5.91,54.8,188,52,97,1.86,2.28,31.5,48.5,117.7,Sandy,Black,Rice
39,5.78,43.5,48,68,262,1.98,1.77,32.4,58.0,175.9,Clay,Black,Rice
40,7.86,66.6,57,64,162,0.63,2.88,28.4,38.0,132.3,Sandy,Laterite,Rice
41,5.43,42.9,165,81,212,2.11,2.69,30.3,78.2,206.4,Silty,Red,Rice
42,7.38,43.5,96,41,191,1.76,1.61,30.5,51.5,82.5,Loamy,Red,Rice
43,5.87,34.2,168,20,120,0.59,1.21,21.1,47.8,180.3,Loamy,Laterite,Rice
44,6.33,27.4,137,59,349,2.1,0.16,35.6,69.5,198.3,Loamy,Alluvial,Rice
45,7.41,66.2,137,78,329,1.82,2.7,27.8,51.4,200.8,Silty,Alluvial,Rice
46,7.14,62.9,215,31,289,2.05,2.94,28.7,89.4,231.6,Sandy,Black,Rice
47,7.06,23.1,148,33,75,0.79,1.05,27.1,55.3,315.1,Loamy,Laterite,Rice
48,5.81,19.9,34,79,76,2.2,1.11,31.0,81.9,249.0,Sandy,Red,Rice
49,5.64,16.2,69,40,114,1.2,0.43,37.0,62.9,134.3,Loamy,Red,Rice
50,6.94,72.8,213,24,133,2.13,0.41,18.5,53.7,256.4,Silty,Laterite,Rice
51,8.01,26.9,181,98,174,0.49,2.34,35.0,71.0,95.1,Sandy,Alluvial,Wheat
52,6.7,54.7,47,74,224,0.32,1.32,27.8,61.0,165.0,Silty,Red,Wheat
53,6.39,59.0,196,44,325,1.77,1.45,34.5,70.5,153.5,Clay,Black,Wheat
54,5.89,42.0,148,82,244,0.94,1.53,24.5,64.3,162.9,Loamy,Alluvial,Wheat
55,5.89,50.8,100,81,55,1.28,0.65,22.8,59.4,221.0,Clay,Laterite,Wheat
56,7.07,44.4,34,21,200,0.72,2.11,24.1,69.9,197.2,Loamy,Laterite,Wheat
57,8.19,48.0,120,99,282,0.81,0.83,20.4,46.6,94.7,Clay,Red,Wheat
58,5.69,44.1,215,85,318,1.43,2.94,34.7,52.8,164.7,Loamy,Black,Wheat
59,7.27,22.6,41,16,333,0.86,2.84,30.8,80.2,89.8,Sandy,Alluvial,Wheat
60,6.5,41.4,77,16,179,2.09,1.49,34.4,59.0,81.5,Sandy,Red,Wheat
61,5.48,48.8,107,20,177,0.53,2.32,30.1,82.4,125.4,Silty,Laterite,Wheat
62,7.91,32.8,180,64,206,1.38,0.27,37.2,41.0,281.2,Clay,Alluvial,Wheat
63,7.11,24.4,74,80,88,0.6,1.28,31.8,63.2,69.5,Loamy,Alluvial,Wheat
64,7.25,42.2,205,39,185,1.8,1.91,31.2,91.0,183.3,Clay,Red,Wheat
65,7.91,64.6,48,17,134,1.81,1.83,34.5,90.3,187.4,Silty,Alluvial,Wheat
66,7.24,71.6,158,79,302,1.13,1.83,35.8,79.1,235.1,Sandy,Black,Wheat
67,5.73,55.5,177,85,60,2.2,2.05,23.4,37.4,279.3,Silty,Laterite,Wheat
68,7.93,25.9,179,65,301,2.14,1.46,26.2,54.3,90.3,Clay,Alluvial,Wheat
69,6.32,44.7,199,61,331,0.37,0.36,23.0,42.0,284.0,Sandy,Laterite,Wheat
70,6.32,26.3,122,89,305,1.49,2.3,22.1,68.0,329.0,Silty,Laterite,Wheat
71,5.39,73.4,185,40,131,0.89,0.14,26.2,48.5,304.0,Sandy,Laterite,Wheat
72,8.03,53.9,69,73,199,1.27,0.89,34.7,93.8,130.7,Clay,Laterite,Wheat
73,5.61,51.0,64,18,191,1.77,2.58,24.8,82.3,137.5,Sandy,Alluvial,Wheat
74,7.32,65.2,178,94,300,1.94,1.39,27.7,54.9,281.2,Silty,Laterite,Wheat
75,7.99,67.2,208,40,342,1.03,2.58,26.2,54.1,197.2,Silty,Laterite,Wheat
76,8.16,62.5,196,29,303,2.13,0.47,37.3,54.9,89.1,Silty,Black,Wheat
77,6.68,42.4,214,28,259,1.95,2.91,19.5,81.9,136.9,Silty,Black,Wheat
78,7.73,66.1,166,58,212,1.49,2.67,27.8,67.5,239.1,Clay,Alluvial,Wheat
79,8.19,59.8,141,22,101,1.14,2.11,36.1,37.8,290.9,Loamy,Alluvial,Wheat
80,6.2,23.7,165,62,339,1.6,0.62,21.5,71.6,170.9,Clay,Laterite,Wheat
81,7.92,23.6,148,91,180,1.17,2.03,36.0,62.9,143.4,Clay,Black,Wheat
82,6.41,35.7,180,48,267,1.61,1.42,24.0,95.0,307.5,Sandy,Red,Wheat
83,6.22,36.5,105,99,201,0.34,2.51,25.9,35.5,310.9,Sandy,Laterite,Wheat
84,7.67,69.2,88,87,230,0.72,0.65,23.0,80.3,282.6,Clay,Black,Wheat
85,7.89,53.8,109,66,67,1.4,2.22,19.8,52.7,276.8,Clay,Red,Wheat
86,5.42,47.4,123,77,306,2.04,2.51,23.1,84.5,199.7,Loamy,Alluvial,Wheat
87,7.57,43.1,49,28,165,1.93,2.2,37.6,93.0,293.3,Loamy,Black,Wheat
88,7.53,15.8,167,25,282,1.0,2.27,23.2,57.9,245.2,Loamy,Black,Wheat
89,7.16,43.3,188,81,217,2.04,0.74,19.3,84.4,323.7,Loamy,Laterite,Wheat
90,5.37,17.7,39,48,302,0.52,0.78,28.8,58.3,167.6,Silty,Red,Wheat
91,7.83,54.3,155,88,258,2.08,0.91,31.8,48.0,189.0,Clay,Alluvial,Wheat
92,5.32,56.1,169,92,233,0.42,0.9,37.4,91.9,299.0,Sandy,Red,Wheat
93,7.05,50.8,35,16,220,0.76,0.47,29.3,39.1,281.9,Clay,Red,Wheat
94,7.6,29.0,67,86,51,0.83,2.95,37.8,67.4,291.6,Sandy,Black,Wheat
95,5.42,36.5,90,85,215,0.33,0.87,20.5,60.3,93.0,Sandy,Laterite,Wheat
96,6.43,36.7,181,23,281,1.26,2.84,18.9,82.0,311.4,Loamy,Laterite,Wheat
97,7.06,16.9,152,61,268,1.6,1.52,36.2,39.4,83.4,Clay,Black,Wheat
98,5.4,52.5,179,80,216,1.02,1.83,23.9,65.3,184.8,Sandy,Red,Wheat
99,6.38,68.3,135,53,282,1.06,2.22,24.3,53.8,133.9,Clay,Laterite,Wheat
100,5.21,64.9,53,65,99,1.71,1.18,20.6,38.6,337.4,Loamy,Black,Wheat
101,6.31,67.4,138,16,197,1.44,1.12,29.6,47.8,250.5,Clay,Black,Maize
102,6.12,48.4,59,45,343,0.73,1.34,29.2,81.0,240.3,Sandy,Alluvial,Maize
103,5.09,31.4,109,53,229,0.31,2.62,29.3,59.0,101.1,Sandy,Black,Maize
104,7.39,27.9,137,68,224,0.6,1.0,24.5,91.5,232.9,Sandy,Red,Maize
105,5.5,52.1,202,20,189,1.14,1.33,30.1,59.9,122.5,Sandy,Alluvial,Maize
106,6.38,32.0,203,85,299,1.3,0.99,22.4,94.1,75.9,Clay,Alluvial,Maize
107,8.03,61.0,95,47,217,0.53,1.54,26.6,42.8,214.4,Clay,Alluvial,Maize
108,5.23,66.7,40,65,59,1.17,0.33,24.3,60.8,177.3,Silty,Alluvial,Maize
109,5.37,16.3,113,31,285,1.88,2.77,19.8,85.7,130.6,Silty,Black,Maize
110,6.27,33.6,116,38,220,1.78,0.32,30.7,66.8,116.2,Loamy,Alluvial,Maize
111,7.33,64.1,67,40,102,0.58,0.67,30.0,80.6,250.1,Clay,Laterite,Maize
112,6.48,48.8,178,67,339,1.52,2.96,24.5,93.3,151.7,Silty,Black,Maize
113,6.5,52.9,100,85,78,0.97,0.32,27.2,37.3,166.9,Loamy,Black,Maize
114,7.06,73.6,53,88,309,1.03,1.78,37.1,79.3,71.9,Clay,Alluvial,Maize
115,6.94,45.1,45,67,102,1.84,2.53,37.6,40.1,247.4,Sandy,Red,Maize
116,7.26,74.5,164,76,131,0.99,2.76,25.7,81.5,256.9,Sandy,Alluvial,Maize
117,5.21,20.7,203,59,195,0.78,2.57,37.3,71.2,103.6,Sandy,Red,Maize
118,7.93,33.6,197,99,250,0.55,2.16,19.7,68.5,246.6,Loamy,Red,Maize
119,7.14,64.7,219,97,319,0.48,2.04,28.2,36.1,149.6,Clay,Alluvial,Maize
120,8.03,44.2,87,27,129,0.45,2.55,20.0,81.3,302.2,Sandy,Alluvial,Maize
121,7.8,52.1,182,58,128,0.61,2.51,33.4,83.5,108.0,Silty,Black,Maize
122,6.31,55.6,90,66,195,1.73,2.37,22.7,49.4,340.0,Silty,Red,Maize
123,6.18,71.8,142,69,194,1.78,1.56,26.4,44.7,117.9,Clay,Alluvial,Maize
124,5.17,43.8,125,80,102,1.65,1.6,20.5,40.0,106.5,Silty,Red,Maize
125,7.66,20.5,86,67,228,2.07,1.3,25.9,57.4,172.0,Sandy,Alluvial,Maize
126,5.72,34.1,55,93,221,1.8,0.5,23.7,84.8,261.9,Clay,Laterite,Maize
127,6.44,15.3,50,12,181,0.71,0.53,36.8,71.5,182.7,Loamy,Red,Maize
128,5.96,17.9,137,91,284,0.42,2.53,28.0,67.2,243.3,Clay,Red,Maize
129,5.93,15.1,120,40,342,1.09,2.03,19.7,93.5,79.6,Sandy,Laterite,Maize
130,7.79,17.6,129,57,179,1.72,1.14,19.4,49.5,250.6,Sandy,Alluvial,Maize
131,5.43,36.1,116,92,139,1.88,2.09,37.6,63.7,112.9,Clay,Black,Maize
132,7.29,71.6,39,47,153,0.38,0.68,18.8,91.0,209.5,Silty,Alluvial,Maize
133,5.12,53.8,103,55,74,1.95,1.06,20.5,57.1,318.0,Silty,Laterite,Maize
134,6.08,26.2,207,73,238,2.06,1.61,34.0,78.6,82.9,Clay,Alluvial,Maize
135,6.03,19.8,199,47,206,1.15,2.18,21.3,61.6,189.7,Loamy,Laterite,Maize
136,5.88,73.8,44,19,257,0.99,2.42,31.6,92.2,101.4,Silty,Black,Maize
137,5.4,29.2,195,56,235,1.03,1.75,30.1,75.7,335.2,Loamy,Laterite,Maize
138,7.44,49.4,165,56,253,0.9,0.91,37.2,36.6,114.0,Silty,Black,Maize
139,5.84,30.6,144,37,196,1.62,3.0,22.0,43.1,81.5,Clay,Laterite,Maize
140,8.19,63.6,111,95,227,1.65,1.69,23.8,53.0,105.7,Clay,Alluvial,Maize
141,6.63,22.3,81,27,171,1.8,0.18,29.1,57.1,293.1,Clay,Black,Maize
142,5.21,38.9,213,71,319,1.08,1.29,29.5,42.5,151.9,Sandy,Laterite,Maize
143,6.49,46.0,62,80,350,0.65,2.9,26.7,89.6,76.1,Sandy,Red,Maize
144,5.97,24.7,211,38,227,2.1,1.6,23.7,39.7,116.9,Loamy,Red,Maize
145,7.0,51.9,53,74,136,1.42,1.78,21.4,72.5,321.6,Loamy,Black,Maize
146,7.64,16.7,41,92,345,0.8,0.71,29.4,72.1,68.8,Loamy,Alluvial,Maize
147,6.55,63.3,205,61,202,1.16,2.1,21.2,59.9,194.7,Loamy,Red,Maize
148,6.0,58.1,217,54,254,0.55,1.17,29.2,54.1,195.3,Loamy,Laterite,Maize
149,5.79,20.8,104,59,264,0.77,2.61,21.2,54.6,227.5,Loamy,Red,Maize
150,7.44,44.9,161,69,305,1.97,1.54,19.8,58.6,192.6,Clay,Red,Maize
151,6.87,17.9,102,73,290,0.84,0.12,20.1,43.0,136.7,Loamy,Laterite,Cotton
152,6.17,39.0,175,81,149,0.99,0.94,25.7,62.0,219.5,Sandy,Red,Cotton
153,8.12,38.6,116,81,237,1.73,0.68,28.2,65.0,73.1,Clay,Alluvial,Cotton
154,7.57,46.2,68,87,313,0.57,2.8,24.4,58.6,238.8,Loamy,Alluvial,Cotton
155,6.62,45.6,155,100,338,0.87,2.47,25.4,75.4,344.2,Loamy,Black,Cotton
156,6.91,30.9,197,84,345,0.73,0.25,27.6,66.5,269.1,Silty,Red,Cotton
157,7.63,29.5,176,99,106,0.66,1.38,26.4,59.8,119.1,Silty,Black,Cotton
158,7.26,46.1,173,51,294,1.3,1.01,21.5,89.7,159.3,Loamy,Alluvial,Cotton
159,6.95,26.5,93,45,335,0.87,2.83,37.6,81.3,264.4,Silty,Alluvial,Cotton
160,6.54,48.6,214,45,197,0.53,2.06,25.6,93.8,297.3,Clay,Alluvial,Cotton
161,5.13,72.3,50,54,276,1.55,2.27,22.3,84.7,138.6,Loamy,Red,Cotton
162,5.35,59.5,91,41,75,1.57,1.64,30.8,38.1,179.9,Silty,Black,Cotton
163,7.18,23.2,170,30,258,1.54,2.65,27.5,74.0,279.2,Loamy,Alluvial,Cotton
164,5.91,18.5,52,93,343,0.74,2.24,35.0,37.2,327.2,Silty,Red,Cotton
165,7.99,17.2,131,73,145,2.08,2.89,36.5,87.6,62.7,Sandy,Alluvial,Cotton
166,5.91,74.3,169,77,302,1.99,0.49,28.1,51.4,294.6,Loamy,Red,Cotton
167,7.34,53.9,213,33,57,1.7,2.39,29.4,80.4,110.9,Silty,Laterite,Cotton
168,6.65,20.2,201,22,144,2.17,1.48,36.7,35.4,171.2,Silty,Alluvial,Cotton
169,8.05,33.1,215,83,55,0.8,1.14,22.7,75.1,195.0,Clay,Laterite,Cotton
170,7.2,70.4,210,49,110,1.51,2.83,25.4,48.3,337.6,Silty,Red,Cotton
171,6.46,74.3,125,63,331,2.03,2.3,34.0,84.5,280.9,Sandy,Laterite,Cotton
172,6.69,36.7,174,24,81,1.87,2.72,22.0,67.2,107.7,Silty,Black,Cotton
173,7.18,58.0,155,21,311,1.15,0.26,20.6,59.9,223.5,Silty,Alluvial,Cotton
174,7.31,38.8,30,37,346,0.44,1.33,32.0,67.5,77.5,Sandy,Laterite,Cotton
175,5.1,39.5,64,92,265,1.01,2.68,27.0,90.0,169.5,Sandy,Red,Cotton
176,7.09,35.9,75,78,251,1.3,2.21,22.5,35.2,66.6,Loamy,Laterite,Cotton
177,7.16,47.7,166,58,167,0.77,1.1,23.5,91.2,270.3,Sandy,Black,Cotton
178,7.59,40.2,34,40,155,0.43,1.82,26.9,75.3,312.9,Clay,Black,Cotton
179,6.29,29.1,85,17,121,1.26,0.94,34.3,78.9,152.5,Loamy,Red,Cotton
180,5.97,23.6,199,76,163,1.09,0.9,29.1,70.5,273.2,Clay,Laterite,Cotton
181,6.78,17.8,118,92,245,1.79,1.02,26.3,44.0,169.2,Silty,Red,Cotton
182,7.72,33.0,211,28,287,2.04,1.73,37.4,68.4,98.9,Clay,Alluvial,Cotton
183,5.65,53.8,145,57,97,1.32,2.51,19.0,57.6,235.4,Sandy,Black,Cotton
184,5.6,60.7,215,95,336,0.71,0.71,36.1,53.2,323.6,Clay,Red,Cotton
185,8.08,22.0,152,41,154,1.05,0.79,24.4,52.0,195.2,Loamy,Alluvial,Cotton
186,5.84,45.8,157,69,100,1.83,2.19,33.2,54.2,118.9,Loamy,Laterite,Cotton
187,5.15,66.8,219,28,58,0.8,2.81,29.6,60.1,104.2,Loamy,Red,Cotton
188,6.22,65.0,157,80,222,0.79,2.48,37.3,73.5,202.3,Clay,Alluvial,Cotton
189,5.54,58.2,155,33,327,2.18,2.88,28.5,85.3,81.6,Sandy,Black,Cotton
190,6.32,65.6,89,18,127,0.32,1.57,25.5,72.1,253.4,Silty,Laterite,Cotton
191,5.05,46.9,135,11,58,1.31,0.9,37.5,36.0,295.8,Silty,Red,Cotton
192,5.34,20.8,68,40,148,1.48,0.83,25.1,82.7,82.9,Silty,Laterite,Cotton
193,6.81,74.4,87,48,91,1.54,2.59,33.2,40.6,170.0,Silty,Black,Cotton
194,7.04,57.2,51,73,272,1.53,1.06,37.5,93.4,319.5,Sandy,Red,Cotton
195,5.68,67.1,175,70,188,0.39,0.32,36.5,89.0,223.4,Sandy,Red,Cotton
196,7.97,33.9,83,85,123,1.73,2.17,26.0,39.6,107.1,Clay,Laterite,Cotton
197,7.17,47.4,128,27,90,1.25,2.93,19.1,61.2,303.2,Loamy,Laterite,Cotton
198,8.1,34.6,192,44,280,1.23,1.13,36.8,60.9,257.1,Silty,Black,Cotton
199,7.47,32.7,93,19,92,0.81,1.2,33.7,44.3,173.0,Loamy,Black,Cotton
200,5.29,71.6,143,56,188,0.49,0.35,26.6,68.4,208.6,Sandy,Black,Cotton
201,5.29,48.3,182,86,216,1.94,0.14,26.3,81.8,270.2,Clay,Red,Sugarcane
202,7.19,25.2,98,48,187,1.24,0.28,26.7,60.3,200.4,Sandy,Alluvial,Sugarcane
203,5.81,29.8,190,73,150,1.17,0.49,18.1,58.7,304.1,Silty,Alluvial,Sugarcane
204,6.41,40.8,196,86,119,0.87,1.85,31.9,63.7,111.5,Silty,Alluvial,Sugarcane
205,5.93,56.7,155,83,174,0.92,0.91,33.7,56.9,330.3,Clay,Red,Sugarcane
206,7.18,48.0,216,69,157,1.13,0.94,31.9,84.1,290.7,Silty,Laterite,Sugarcane
207,5.45,33.2,94,94,128,1.66,2.39,19.5,94.4,199.0,Silty,Laterite,Sugarcane
208,6.74,62.4,122,99,324,1.43,2.75,20.2,49.9,252.8,Clay,Black,Sugarcane
209,6.8,53.7,195,61,219,2.13,1.35,18.2,50.5,208.1,Clay,Laterite,Sugarcane
210,6.2,42.8,203,85,306,0.59,2.99,27.7,52.7,327.0,Sandy,Black,Sugarcane
211,7.66,58.8,119,49,225,1.17,0.7,27.7,63.6,187.1,Silty,Alluvial,Sugarcane
212,5.21,17.7,211,24,61,1.91,1.98,31.5,44.9,345.3,Clay,Red,Sugarcane
213,6.77,34.9,139,69,168,1.82,1.93,21.7,74.4,174.7,Clay,Laterite,Sugarcane
214,6.9,38.3,210,37,155,0.83,2.14,33.9,69.6,291.9,Clay,Alluvial,Sugarcane
215,6.04,42.5,97,95,300,1.3,1.95,29.9,71.7,230.2,Loamy,Alluvial,Sugarcane
216,7.71,52.0,202,100,202,2.05,1.81,31.4,53.8,129.2,Sandy,Red,Sugarcane
217,6.19,23.5,129,63,120,1.39,1.33,27.7,67.2,326.6,Clay,Red,Sugarcane
218,6.57,23.4,110,67,77,1.94,2.86,27.7,46.7,171.3,Silty,Laterite,Sugarcane
219,7.19,39.9,143,72,135,0.46,0.19,33.2,52.5,139.7,Loamy,Red,Sugarcane
220,7.5,48.9,156,80,311,0.52,0.43,33.5,84.4,166.4,Sandy,Laterite,Sugarcane
221,6.75,74.4,56,93,176,0.87,3.0,27.0,55.9,296.9,Silty,Black,Sugarcane
222,7.48,29.2,218,85,229,1.94,1.87,26.6,72.0,287.6,Clay,Black,Sugarcane
223,6.82,46.9,182,78,136,0.91,2.14,23.8,51.0,308.8,Sandy,Red,Sugarcane
224,8.08,62.1,45,45,114,1.63,0.48,20.9,54.3,131.8,Silty,Laterite,Sugarcane
225,5.45,52.9,190,63,242,1.16,1.94,35.6,40.6,209.5,Loamy,Alluvial,Sugarcane
226,6.46,44.3,178,10,97,1.69,1.43,31.3,56.5,78.4,Silty,Red,Sugarcane
227,8.1,64.5,156,44,215,1.87,1.08,29.6,69.0,200.7,Loamy,Black,Sugarcane
228,5.15,52.6,147,12,113,2.07,0.56,27.1,94.5,184.1,Clay,Alluvial,Sugarcane
229,5.51,71.0,100,21,234,0.78,1.18,36.1,44.9,174.9,Loamy,Red,Sugarcane
230,6.37,20.5,54,10,159,1.21,0.48,22.5,75.8,62.7,Loamy,Black,Sugarcane
231,8.16,40.3,63,71,86,0.73,0.36,34.1,41.2,166.6,Loamy,Red,Sugarcane
232,6.22,63.8,64,92,123,0.43,1.73,30.2,44.8,161.8,Clay,Red,Sugarcane
233,7.94,52.0,143,37,94,2.0,0.51,20.5,78.8,161.9,Silty,Alluvial,Sugarcane
234,7.53,29.9,195,20,177,1.35,1.84,30.2,81.7,260.2,Loamy,Red,Sugarcane
235,6.66,45.6,130,47,77,1.79,2.4,22.8,58.2,129.9,Sandy,Black,Sugarcane
236,8.16,71.0,63,59,341,1.1,1.68,21.5,63.3,346.3,Sandy,Black,Sugarcane
237,6.88,15.8,85,15,80,2.1,1.25,23.7,77.8,282.5,Silty,Laterite,Sugarcane
238,5.26,47.2,187,29,192,0.46,0.33,36.4,93.5,105.1,Loamy,Laterite,Sugarcane
239,6.88,60.8,196,97,83,0.89,1.37,37.1,49.3,130.9,Silty,Black,Sugarcane
240,6.45,51.5,109,95,139,0.53,2.15,32.0,44.8,336.4,Loamy,Red,Sugarcane
241,6.19,60.0,98,25,65,0.94,1.35,28.5,50.8,342.8,Sandy,Laterite,Sugarcane
242,6.46,36.6,157,82,135,1.0,0.84,20.1,69.4,269.6,Clay,Black,Sugarcane
243,5.14,66.8,92,15,291,0.99,2.77,21.6,92.6,70.3,Silty,Red,Sugarcane
244,6.03,40.0,214,50,188,1.87,1.76,20.4,75.4,75.3,Clay,Black,Sugarcane
245,8.05,19.1,149,46,209,0.92,1.7,18.2,47.0,223.5,Loamy,Red,Sugarcane
246,6.48,50.5,156,35,329,1.74,0.81,18.1,59.6,127.6,Loamy,Black,Sugarcane
247,8.04,15.1,198,58,207,0.5,1.64,22.8,64.5,77.4,Clay,Alluvial,Sugarcane
248,5.3,70.3,163,62,240,1.17,2.27,29.6,65.3,244.8,Silty,Black,Sugarcane
249,6.89,18.7,199,26,171,0.85,2.57,36.5,58.6,301.3,Loamy,Alluvial,Sugarcane
250,6.45,29.0,81,27,349,0.51,0.41,27.0,53.8,95.0,Loamy,Red,Sugarcane
251,6.45,42.8,60,21,130,1.83,0.98,32.1,71.2,122.4,Loamy,Red,Groundnut
252,5.29,29.9,121,60,312,0.39,0.97,34.4,45.4,336.1,Silty,Red,Groundnut
253,5.3,21.1,65,25,56,0.42,2.36,22.4,46.9,176.2,Sandy,Alluvial,Groundnut
254,7.94,19.5,46,35,277,1.84,0.37,34.9,83.5,95.5,Silty,Black,Groundnut
255,5.54,49.4,215,60,304,0.36,2.08,21.5,47.9,114.3,Loamy,Laterite,Groundnut
256,7.83,17.1,188,88,175,1.53,1.55,35.7,63.7,85.4,Silty,Red,Groundnut
257,6.34,53.6,164,41,328,1.81,2.97,33.6,56.5,217.9,Silty,Alluvial,Groundnut
258,7.92,45.1,129,44,142,0.35,1.83,18.6,83.6,141.5,Silty,Alluvial,Groundnut
259,7.45,75.0,70,22,176,1.55,0.87,34.3,90.0,76.2,Clay,Laterite,Groundnut
260,6.14,65.4,74,32,171,1.43,2.44,32.0,89.8,68.2,Loamy,Red,Groundnut
261,6.8,26.3,156,79,208,0.63,0.21,19.1,71.1,65.8,Silty,Black,Groundnut
262,6.06,51.8,63,53,140,2.05,2.55,24.5,36.3,230.1,Clay,Black,Groundnut
263,7.71,66.6,48,57,252,1.41,1.08,24.5,93.6,272.4,Silty,Laterite,Groundnut
264,7.08,25.5,173,98,232,0.72,1.81,21.5,53.4,259.7,Clay,Red,Groundnut
265,7.33,71.9,176,60,340,0.36,1.85,36.4,93.1,124.1,Sandy,Laterite,Groundnut
266,5.45,59.7,90,54,213,0.62,2.67,19.8,77.5,245.3,Loamy,Laterite,Groundnut
267,5.04,27.6,207,18,229,0.79,0.41,18.0,58.2,272.4,Clay,Laterite,Groundnut
268,6.58,37.7,169,58,101,1.87,2.39,29.6,80.5,125.4,Silty,Black,Groundnut
269,7.56,17.0,35,50,183,2.11,0.32,21.4,57.5,272.3,Sandy,Alluvial,Groundnut
270,6.9,51.8,153,100,65,1.12,2.0,30.1,61.1,75.5,Loamy,Red,Groundnut
271,8.12,39.6,171,79,185,1.56,0.96,19.9,58.6,219.4,Silty,Red,Groundnut
272,5.17,15.2,52,47,295,0.68,0.17,21.4,52.5,83.8,Sandy,Alluvial,Groundnut
273,7.51,43.3,199,43,96,1.52,1.22,25.4,57.9,114.1,Sandy,Alluvial,Groundnut
274,6.41,30.8,98,82,81,0.59,2.12,19.9,75.1,294.4,Silty,Red,Groundnut
275,6.77,65.4,163,63,324,1.61,2.82,29.5,49.1,146.7,Silty,Black,Groundnut
276,6.61,69.0,176,96,125,0.53,2.3,21.5,94.1,341.9,Clay,Red,Groundnut
277,5.14,19.7,204,65,153,2.19,1.92,34.7,50.5,324.1,Sandy,Black,Groundnut
278,6.24,38.8,113,45,316,1.17,2.63,33.7,72.4,211.5,Silty,Black,Groundnut
279,6.33,23.9,180,84,101,2.06,1.73,20.0,52.2,215.3,Loamy,Laterite,Groundnut
280,5.85,54.3,176,87,292,0.37,0.9,20.9,71.5,261.2,Sandy,Laterite,Groundnut
281,7.85,34.9,90,16,293,2.05,2.7,18.4,84.0,147.9,Loamy,Laterite,Groundnut
282,7.75,56.1,88,27,203,2.15,1.39,34.5,51.2,180.9,Sandy,Red,Groundnut
283,6.41,69.8,134,72,314,1.95,2.48,28.3,44.5,150.2,Silty,Red,Groundnut
284,7.5,46.5,175,13,138,0.67,2.52,34.7,50.0,192.4,Loamy,Red,Groundnut
285,5.88,64.4,159,60,113,1.59,0.8,27.8,61.8,338.6,Silty,Alluvial,Groundnut
286,6.1,65.3,96,98,96,0.84,1.22,21.3,69.3,339.8,Clay,Red,Groundnut
287,7.17,31.1,134,75,60,1.94,2.9,31.6,63.4,98.4,Clay,Black,Groundnut
288,5.72,51.5,108,100,190,1.11,1.19,25.0,50.1,195.3,Silty,Black,Groundnut
289,5.02,75.0,125,81,194,0.87,0.41,19.3,94.3,245.8,Loamy,Alluvial,Groundnut
290,7.1,72.1,196,48,146,0.58,2.32,36.0,83.3,292.7,Silty,Alluvial,Groundnut
291,7.18,58.3,197,73,201,0.79,1.31,25.8,37.1,265.3,Clay,Alluvial,Groundnut
292,7.32,28.3,166,91,293,2.02,2.05,28.1,85.7,303.8,Clay,Alluvial,Groundnut
293,5.31,22.7,96,81,143,2.1,2.71,31.1,48.3,124.8,Loamy,Laterite,Groundnut
294,7.52,34.9,96,84,200,1.18,0.44,19.1,73.1,228.3,Sandy,Laterite,Groundnut
295,7.85,45.0,204,58,321,0.87,0.26,35.1,43.2,118.1,Silty,Laterite,Groundnut
296,5.46,66.7,76,20,299,0.93,2.96,24.3,38.5,191.1,Clay,Red,Groundnut
297,6.84,24.5,52,26,272,1.5,1.27,37.3,58.0,70.9,Clay,Alluvial,Groundnut
298,8.04,68.5,165,34,59,1.59,1.92,23.0,76.6,159.9,Clay,Black,Groundnut
299,6.23,50.3,72,18,73,0.87,0.94,32.6,70.8,158.0,Clay,Alluvial,Groundnut
300,8.19,44.4,78,31,256,0.34,0.75,37.7,47.7,66.4,Clay,Black,Groundnut
301,6.17,54.0,39,58,180,1.77,1.91,29.9,37.9,91.4,Sandy,Black,Soybean
302,7.21,40.0,127,25,330,0.78,2.14,22.1,76.1,62.7,Silty,Black,Soybean
303,7.12,31.2,185,99,120,1.1,2.71,28.2,72.1,142.0,Sandy,Laterite,Soybean
304,5.64,27.0,97,76,153,0.98,1.29,21.2,67.9,324.0,Silty,Alluvial,Soybean
305,5.75,15.8,52,24,343,1.57,0.53,19.8,65.7,269.8,Sandy,Alluvial,Soybean
306,7.06,42.4,105,43,287,0.4,2.46,35.5,86.1,164.5,Loamy,Laterite,Soybean
307,7.36,20.7,41,11,120,1.56,0.59,25.2,61.3,240.3,Sandy,Alluvial,Soybean
308,7.61,26.0,132,61,283,0.82,1.22,35.0,83.0,248.2,Clay,Black,Soybean
309,5.42,58.6,70,23,263,2.03,1.5,29.4,61.3,237.3,Loamy,Black,Soybean
310,7.76,67.8,216,26,297,2.05,0.43,26.2,37.8,135.9,Loamy,Black,Soybean
311,7.25,55.7,220,83,339,0.73,2.87,35.5,66.1,259.6,Sandy,Laterite,Soybean
312,7.12,29.9,118,94,247,0.58,2.5,35.8,71.8,63.4,Clay,Laterite,Soybean
313,7.73,67.2,49,72,214,0.76,2.91,19.0,48.4,246.6,Silty,Red,Soybean
314,5.25,41.7,176,67,95,1.93,1.4,20.4,64.8,249.5,Sandy,Laterite,Soybean
315,6.32,48.4,30,21,205,1.99,1.73,31.1,62.4,158.8,Sandy,Red,Soybean
316,7.7,34.9,188,86,292,1.66,1.15,27.1,40.8,251.1,Sandy,Alluvial,Soybean
317,6.14,53.0,104,80,317,1.01,0.41,35.9,64.5,298.3,Silty,Black,Soybean
318,5.81,26.8,60,60,160,1.17,2.37,32.3,41.5,180.2,Sandy,Laterite,Soybean
319,6.46,50.4,159,27,305,0.31,2.24,29.1,61.0,229.7,Clay,Red,Soybean
320,7.34,22.7,129,94,214,1.26,1.22,37.6,90.0,281.1,Loamy,Laterite,Soybean
321,8.08,73.2,145,27,120,1.08,2.13,33.0,52.9,263.4,Loamy,Red,Soybean
322,5.64,52.5,104,97,226,2.05,0.48,32.2,93.5,111.6,Loamy,Black,Soybean
323,7.43,48.7,179,83,263,1.58,2.69,28.7,87.6,182.5,Sandy,Black,Soybean
324,5.08,23.7,201,17,152,0.81,2.38,37.7,76.0,102.5,Sandy,Alluvial,Soybean
325,5.65,47.5,121,67,102,1.47,2.06,29.2,48.5,247.7,Silty,Red,Soybean
326,6.63,62.8,208,46,74,2.06,1.22,37.1,93.5,150.7,Sandy,Black,Soybean
327,7.38,27.2,143,38,238,1.73,1.69,30.1,81.6,339.6,Loamy,Laterite,Soybean
328,5.57,56.0,77,32,313,0.53,0.22,23.6,50.9,106.7,Loamy,Black,Soybean
329,6.06,57.6,69,15,128,2.06,1.83,33.5,72.5,304.5,Loamy,Laterite,Soybean
330,7.53,48.0,48,100,212,1.3,2.88,28.4,82.2,106.2,Silty,Black,Soybean
331,6.12,68.0,199,52,219,0.99,0.73,33.1,66.8,349.0,Sandy,Black,Soybean
332,7.14,41.7,194,88,174,2.12,2.08,24.4,90.0,334.0,Silty,Alluvial,Soybean
333,6.73,32.0,162,57,313,1.83,1.39,18.9,88.9,115.8,Sandy,Black,Soybean
334,5.54,72.4,167,78,53,1.49,0.71,30.6,47.8,258.8,Sandy,Red,Soybean
335,6.72,57.2,219,65,86,1.72,0.55,27.2,54.9,85.4,Sandy,Red,Soybean
336,7.54,48.5,177,39,182,1.07,1.41,26.1,54.0,173.0,Sandy,Black,Soybean
337,7.05,52.1,220,84,73,1.63,0.31,36.6,41.4,288.2,Loamy,Black,Soybean
338,5.9,70.6,127,60,65,1.2,1.65,20.7,58.5,291.3,Loamy,Red,Soybean
339,5.95,68.2,216,92,241,2.12,0.13,35.5,43.5,72.1,Silty,Black,Soybean
340,5.98,59.9,215,54,158,1.08,1.97,28.3,44.7,124.0,Loamy,Red,Soybean
341,5.37,55.3,175,16,331,1.18,1.69,23.8,39.0,88.5,Silty,Alluvial,Soybean
342,6.14,55.3,90,22,195,1.48,2.71,24.4,62.0,238.7,Loamy,Red,Soybean
343,6.81,36.9,110,64,136,0.31,0.81,22.4,79.4,186.5,Loamy,Red,Soybean
344,7.17,34.9,152,69,278,0.98,0.99,29.0,45.5,235.9,Loamy,Red,Soybean
345,7.85,26.8,217,90,89,1.68,2.69,35.0,72.9,295.7,Silty,Red,Soybean
346,7.9,48.1,169,79,291,1.54,0.53,25.8,88.5,231.0,Loamy,Red,Soybean
347,6.49,45.6,131,56,307,0.32,0.79,37.3,93.9,258.4,Clay,Laterite,Soybean
348,5.51,49.0,174,94,124,1.7,1.5,25.2,48.1,201.4,Sandy,Alluvial,Soybean
349,6.18,17.6,82,76,234,1.04,2.76,35.6,37.4,248.1,Sandy,Alluvial,Soybean
350,7.67,30.8,169,82,139,1.02,1.2,29.8,88.9,82.6,Loamy,Laterite,Soybean
351,8.11,28.4,133,55,226,1.23,1.5,30.1,65.1,100.3,Clay,Red,Barley
352,5.25,53.6,84,29,145,0.6,1.85,34.3,74.7,180.2,Loamy,Black,Barley
353,6.54,43.7,83,85,132,1.53,1.29,22.9,42.7,231.8,Clay,Black,Barley
354,7.85,23.8,72,43,142,1.28,1.28,37.4,73.3,314.8,Loamy,Black,Barley
355,5.69,51.4,150,71,137,0.72,1.29,20.9,70.0,282.6,Loamy,Red,Barley
356,7.32,35.6,146,86,85,0.74,1.22,20.2,47.1,309.3,Silty,Red,Barley
357,6.94,25.6,187,86,69,1.97,1.64,33.0,40.6,251.2,Sandy,Laterite,Barley
358,6.67,37.2,41,99,321,1.12,2.82,27.6,81.1,161.7,Sandy,Laterite,Barley
359,5.43,43.6,89,20,195,1.44,1.68,23.2,35.3,275.7,Sandy,Black,Barley
360,6.66,37.5,82,98,211,1.08,0.41,26.5,70.1,135.8,Silty,Alluvial,Barley
361,6.96,74.5,131,36,261,1.35,1.72,21.6,68.5,200.3,Loamy,Alluvial,Barley
362,7.48,38.9,65,94,110,1.72,1.4,32.0,44.7,122.2,Silty,Alluvial,Barley
363,7.56,51.8,205,100,76,0.61,2.9,18.1,40.5,102.1,Silty,Black,Barley
364,5.21,28.3,50,87,69,1.68,2.8,26.0,74.4,143.1,Sandy,Red,Barley
365,7.05,41.3,81,94,315,0.84,0.2,30.0,65.9,127.2,Clay,Black,Barley
366,6.15,54.3,70,21,191,1.78,1.12,25.9,70.2,210.1,Sandy,Black,Barley
367,6.76,58.6,173,84,228,0.96,2.46,22.5,92.8,191.9,Silty,Black,Barley
368,5.84,39.4,57,81,87,1.26,1.09,20.3,65.8,134.7,Loamy,Laterite,Barley
369,8.09,48.8,92,53,284,1.6,2.7,35.2,63.9,134.8,Silty,Red,Barley
370,7.17,28.8,110,62,230,1.28,0.13,34.6,49.9,87.0,Loamy,Black,Barley
371,6.77,25.7,110,55,161,2.0,0.88,36.9,76.0,323.9,Silty,Red,Barley
372,5.75,29.5,97,36,167,0.69,0.82,30.4,44.4,90.9,Sandy,Laterite,Barley
373,6.96,60.9,168,15,296,1.01,1.01,36.0,87.9,226.6,Loamy,Laterite,Barley
374,5.59,60.9,160,45,253,0.72,1.77,19.1,83.0,198.7,Sandy,Alluvial,Barley
375,6.26,56.2,74,68,111,1.63,1.43,31.8,35.7,121.1,Sandy,Alluvial,Barley
376,6.16,66.7,77,80,184,0.75,1.47,30.3,57.0,204.6,Clay,Laterite,Barley
377,7.24,37.3,132,45,280,0.64,0.48,29.5,48.7,89.0,Loamy,Red,Barley
378,6.78,66.4,80,28,126,1.2,0.13,26.4,43.1,319.0,Loamy,Laterite,Barley
379,5.96,48.7,175,16,253,0.49,0.57,22.3,50.3,303.3,Sandy,Laterite,Barley
380,7.38,30.6,122,81,335,2.07,0.85,18.4,42.3,311.5,Clay,Red,Barley
381,8.13,32.1,113,96,311,1.23,2.24,35.8,57.9,143.1,Clay,Red,Barley
382,7.05,70.7,137,90,342,1.07,2.73,19.6,55.6,150.9,Loamy,Alluvial,Barley
383,6.94,38.7,143,56,350,1.29,1.41,21.3,86.3,96.3,Clay,Alluvial,Barley
384,8.01,57.0,50,36,135,1.05,0.38,36.7,63.4,75.6,Silty,Black,Barley
385,5.33,52.1,51,93,249,0.89,0.82,23.7,72.6,98.1,Clay,Black,Barley
386,5.11,36.4,113,70,289,2.15,1.67,23.4,61.7,341.2,Clay,Laterite,Barley
387,7.02,53.2,174,65,318,1.52,1.65,36.2,63.9,125.9,Sandy,Laterite,Barley
388,5.99,39.7,69,48,55,0.3,2.46,35.0,55.6,196.1,Sandy,Laterite,Barley
389,8.03,43.6,32,65,199,1.43,2.41,29.0,46.3,315.8,Silty,Laterite,Barley
390,5.8,57.9,195,59,243,0.72,0.33,30.5,66.0,292.0,Loamy,Alluvial,Barley
391,7.08,46.9,98,62,146,1.92,0.63,23.8,73.2,239.1,Loamy,Laterite,Barley
392,5.6,16.2,42,78,61,0.65,0.4,23.4,77.9,270.9,Clay,Black,Barley
393,5.48,44.6,117,63,209,1.79,1.55,25.4,76.8,69.2,Sandy,Red,Barley
394,5.18,61.5,48,79,290,0.65,2.7,23.0,57.9,63.7,Clay,Laterite,Barley
395,7.47,41.6,218,14,151,1.18,2.34,28.4,93.9,197.1,Loamy,Alluvial,Barley
396,5.51,58.7,220,80,316,0.53,1.5,24.0,56.6,75.1,Clay,Black,Barley
397,5.76,41.0,33,31,191,1.41,1.25,22.9,93.1,228.5,Silty,Red,Barley
398,6.19,20.4,70,73,96,1.6,1.08,37.4,80.6,77.4,Loamy,Red,Barley
399,7.24,62.5,62,72,169,0.9,1.72,30.9,55.8,318.6,Clay,Black,Barley
400,7.21,36.5,64,42,70,1.22,1.37,23.9,76.8,115.0,Clay,Alluvial,Barley
401,6.04,43.1,183,80,132,0.43,0.55,23.9,50.8,166.5,Sandy,Laterite,Millets
402,7.35,68.0,188,56,172,0.91,0.28,37.3,84.1,115.1,Silty,Red,Millets
403,6.96,34.4,194,51,106,0.48,2.01,18.9,91.3,111.8,Sandy,Red,Millets
404,5.34,26.5,38,83,248,1.55,1.62,32.0,50.4,166.2,Sandy,Black,Millets
405,7.98,27.5,155,20,289,1.82,0.28,29.2,91.3,180.6,Loamy,Black,Millets
406,7.64,30.9,40,19,205,0.45,0.73,28.4,41.1,127.0,Silty,Red,Millets
407,5.62,54.4,175,90,141,1.36,1.72,32.9,81.0,227.2,Silty,Laterite,Millets
408,7.83,25.0,76,80,255,1.26,2.01,28.7,71.0,330.7,Loamy,Alluvial,Millets
409,7.7,39.7,192,65,215,1.46,1.73,22.3,80.9,328.6,Loamy,Alluvial,Millets
410,8.08,41.8,131,10,67,2.17,1.83,28.4,94.6,147.5,Loamy,Red,Millets
411,5.69,33.9,206,45,333,1.27,1.75,29.4,40.7,193.5,Clay,Red,Millets
412,5.85,68.4,93,39,181,1.84,0.37,26.0,90.1,272.9,Loamy,Laterite,Millets
413,5.55,64.5,206,99,345,1.86,0.38,30.8,37.2,294.4,Silty,Black,Millets
414,7.5,70.3,115,54,272,1.09,2.62,35.4,48.6,249.3,Sandy,Laterite,Millets
415,5.17,46.5,111,79,339,0.58,1.56,22.4,38.0,272.2,Silty,Laterite,Millets
416,7.41,49.5,53,38,271,0.85,1.24,20.6,40.0,225.7,Sandy,Laterite,Millets
417,5.84,38.9,141,99,116,1.75,1.49,22.0,58.7,225.7,Clay,Red,Millets
418,5.23,61.6,112,97,344,0.47,2.05,26.5,55.9,153.0,Sandy,Alluvial,Millets
419,5.54,36.0,143,89,124,1.14,2.78,22.7,76.1,105.2,Sandy,Black,Millets
420,7.37,29.6,188,28,197,0.33,2.11,20.2,62.0,66.6,Clay,Red,Millets
421,5.65,46.4,96,80,297,1.48,2.98,31.9,75.1,169.2,Sandy,Alluvial,Millets
422,5.55,32.0,208,89,188,0.4,2.0,18.2,58.3,138.7,Loamy,Black,Millets
423,5.06,67.0,196,59,168,2.16,1.57,32.2,89.2,200.6,Sandy,Red,Millets
424,5.64,73.0,173,12,70,0.77,1.64,24.7,58.6,105.5,Loamy,Alluvial,Millets
425,6.14,33.1,158,45,81,1.49,2.65,35.8,83.9,68.5,Loamy,Red,Millets
426,5.49,68.8,198,27,94,1.69,1.61,31.6,87.4,259.1,Silty,Red,Millets
427,6.83,40.6,109,87,218,1.15,0.48,31.0,69.9,258.4,Clay,Red,Millets
428,5.99,57.3,164,27,270,2.19,2.93,20.9,91.0,326.0,Loamy,Black,Millets
429,6.78,71.9,60,33,212,1.9,0.52,18.6,54.1,342.1,Silty,Alluvial,Millets
430,6.42,71.0,193,45,127,1.78,0.41,21.7,80.7,237.5,Loamy,Red,Millets
431,6.91,28.9,36,55,90,1.61,1.48,28.0,71.3,266.5,Loamy,Red,Millets
432,7.73,44.5,65,30,148,0.73,1.28,37.4,90.5,335.6,Clay,Red,Millets
433,7.42,19.0,142,88,300,1.61,2.61,35.8,60.7,285.1,Silty,Alluvial,Millets
434,6.26,71.3,176,86,324,1.3,2.64,33.7,66.2,191.0,Sandy,Red,Millets
435,6.66,38.7,218,15,335,1.04,2.32,37.3,46.4,187.5,Loamy,Alluvial,Millets
436,6.48,40.3,186,16,314,2.02,1.44,30.9,40.4,205.2,Clay,Red,Millets
437,6.26,34.4,36,32,282,1.42,2.17,22.0,62.3,132.5,Clay,Black,Millets
438,5.29,57.4,192,56,93,1.3,1.21,33.8,65.7,335.4,Silty,Laterite,Millets
439,5.14,25.3,115,82,126,0.61,0.52,33.4,38.1,149.3,Silty,Alluvial,Millets
440,7.0,22.1,63,35,51,1.48,0.83,27.2,86.3,217.6,Sandy,Laterite,Millets
441,5.76,50.3,151,68,259,1.14,1.84,18.1,87.9,140.7,Clay,Black,Millets
442,5.59,18.3,119,14,124,1.92,2.03,34.8,52.9,326.9,Sandy,Black,Millets
443,6.33,25.7,202,46,343,1.8,0.61,27.1,69.7,330.1,Sandy,Alluvial,Millets
444,6.03,68.9,47,64,331,0.42,1.47,20.4,86.6,155.5,Silty,Red,Millets
445,7.23,51.7,57,83,320,2.18,1.5,31.8,91.0,346.0,Loamy,Laterite,Millets
446,6.95,34.0,164,83,231,2.06,1.88,27.9,78.8,204.3,Clay,Red,Millets
447,7.27,73.8,30,25,62,1.18,2.41,32.7,47.4,238.4,Silty,Laterite,Millets
448,5.15,36.0,193,37,55,1.52,2.1,23.1,39.1,147.1,Loamy,Black,Millets
449,5.36,35.0,131,82,64,1.88,0.66,34.7,90.3,198.9,Silty,Black,Millets
450,7.07,43.9,190,68,324,2.0,1.44,34.3,90.7,76.2,Loamy,Alluvial,Millets
451,6.78,16.1,177,97,219,1.82,2.68,25.1,93.2,141.3,Sandy,Alluvial,Pulses
452,8.15,52.6,72,83,249,0.66,0.44,33.6,53.5,308.8,Sandy,Alluvial,Pulses
453,6.32,44.8,90,57,281,1.88,0.98,28.5,45.5,168.5,Sandy,Red,Pulses
454,7.92,41.6,36,71,306,0.59,1.09,27.7,87.4,150.0,Loamy,Red,Pulses
455,7.46,20.9,162,96,117,0.69,0.21,25.8,86.9,93.6,Loamy,Black,Pulses
456,7.2,50.7,52,52,289,1.99,0.4,33.3,79.7,66.5,Loamy,Red,Pulses
457,6.03,26.6,100,78,213,1.77,2.05,23.5,44.4,93.2,Sandy,Red,Pulses
458,6.74,48.0,99,28,195,1.39,0.6,24.2,88.5,216.8,Sandy,Red,Pulses
459,5.09,69.2,42,23,246,0.4,1.34,21.6,70.8,231.9,Silty,Alluvial,Pulses
460,6.0,64.0,212,95,323,0.45,2.78,33.3,69.1,86.9,Silty,Black,Pulses
461,6.46,56.1,211,69,290,0.74,0.75,35.2,72.0,324.7,Silty,Red,Pulses
462,7.24,54.9,113,68,299,0.36,1.48,25.0,62.7,109.5,Loamy,Red,Pulses
463,6.63,39.3,212,23,216,1.36,0.31,24.0,62.7,231.3,Clay,Red,Pulses
464,6.75,73.4,128,18,224,0.7,2.11,26.6,93.8,224.5,Loamy,Red,Pulses
465,5.55,55.2,219,83,299,0.52,1.83,24.5,40.9,189.1,Loamy,Laterite,Pulses
466,5.22,21.5,182,58,217,1.24,2.01,19.8,84.0,317.3,Sandy,Red,Pulses
467,7.11,42.2,104,59,345,1.15,0.7,35.5,53.0,290.4,Loamy,Laterite,Pulses
468,7.3,69.9,52,84,54,1.46,1.58,35.0,86.2,78.1,Sandy,Black,Pulses
469,7.25,64.2,121,24,194,1.94,0.78,32.0,58.7,152.3,Silty,Laterite,Pulses
470,6.22,47.7,199,32,293,0.56,1.71,34.9,56.6,181.0,Loamy,Red,Pulses
471,5.43,19.3,34,28,299,1.55,2.93,20.7,43.2,293.7,Silty,Laterite,Pulses
472,6.99,42.3,138,80,280,1.03,0.75,26.5,35.4,204.5,Clay,Alluvial,Pulses
473,6.31,47.8,123,14,69,1.38,2.14,20.3,63.9,260.2,Clay,Alluvial,Pulses
474,6.49,19.7,186,21,175,1.2,2.25,37.2,39.7,243.8,Loamy,Black,Pulses
475,7.89,47.1,32,70,282,1.27,1.46,32.7,60.3,338.6,Loamy,Alluvial,Pulses
476,5.54,56.7,182,48,338,0.79,1.92,29.6,69.4,250.3,Loamy,Black,Pulses
477,5.92,20.0,159,19,192,0.78,1.89,23.5,50.4,275.0,Clay,Red,Pulses
478,7.11,37.2,74,43,170,1.22,2.42,35.2,55.6,84.5,Clay,Red,Pulses
479,7.68,60.2,135,59,171,1.56,2.21,21.3,69.7,304.1,Sandy,Alluvial,Pulses
480,7.42,22.0,72,69,254,1.2,1.48,37.0,90.3,127.8,Silty,Laterite,Pulses
481,5.84,46.8,141,11,197,2.06,1.4,31.6,92.7,258.0,Sandy,Black,Pulses
482,7.94,53.2,140,88,189,0.94,0.87,20.0,74.3,173.4,Clay,Red,Pulses
483,6.66,55.7,76,50,330,0.32,0.12,19.4,59.7,212.3,Silty,Alluvial,Pulses
484,5.7,32.0,79,14,62,1.48,0.26,29.9,88.6,122.9,Sandy,Black,Pulses
485,5.28,51.3,126,94,339,1.83,0.64,20.2,46.1,145.4,Sandy,Laterite,Pulses
486,7.95,31.6,139,98,215,0.79,2.36,23.5,38.7,172.7,Sandy,Alluvial,Pulses
487,8.06,30.9,142,18,301,2.16,0.68,25.9,73.7,91.4,Silty,Red,Pulses
488,6.96,21.4,143,43,102,0.37,0.3,32.6,81.6,65.4,Silty,Red,Pulses
489,7.09,15.1,39,95,249,0.81,2.13,36.1,69.5,209.5,Silty,Laterite,Pulses
490,6.4,65.6,47,79,165,0.31,2.87,34.4,63.9,224.5,Loamy,Alluvial,Pulses
491,7.18,39.0,191,92,96,0.99,2.57,24.8,85.5,280.5,Loamy,Red,Pulses
492,5.57,17.4,128,94,147,0.87,1.23,20.1,76.3,201.1,Silty,Red,Pulses
493,5.45,26.6,214,85,172,1.23,0.28,28.8,53.5,214.8,Silty,Black,Pulses
494,5.12,18.4,214,15,257,0.52,2.44,31.3,62.5,256.6,Clay,Red,Pulses
495,7.96,17.2,66,72,59,1.2,2.76,18.9,77.1,97.9,Clay,Black,Pulses
496,7.89,64.2,54,68,137,1.89,0.29,34.3,41.9,232.5,Clay,Black,Pulses
497,7.57,40.6,218,96,255,0.92,2.93,29.5,43.2,302.6,Clay,Black,Pulses
498,6.9,35.1,60,45,122,1.74,0.59,25.4,44.9,130.7,Sandy,Red,Pulses
499,5.32,65.8,186,58,130,0.33,1.51,18.1,45.8,85.9,Loamy,Laterite,Pulses
500,7.22,62.5,151,98,114,0.69,1.96,28.5,59.7,332.0,Sandy,Red,Pulses
501,7.3,51.7,52,90,204,0.96,0.11,22.7,42.1,213.8,Sandy,Alluvial,Chickpea
502,7.76,74.2,159,38,287,1.76,2.01,23.5,46.6,291.0,Silty,Laterite,Chickpea
503,5.56,55.2,41,16,236,0.84,1.36,24.7,83.3,279.9,Sandy,Black,Chickpea
504,7.37,70.5,75,30,64,1.22,0.44,35.9,78.3,231.9,Loamy,Laterite,Chickpea
505,5.64,55.6,113,39,106,0.92,0.38,32.8,87.2,168.9,Clay,Black,Chickpea
506,6.51,44.1,141,28,160,2.06,1.42,25.7,43.2,268.7,Loamy,Alluvial,Chickpea
507,5.65,22.6,207,82,80,0.83,0.42,27.3,60.1,280.5,Clay,Alluvial,Chickpea
508,6.93,62.4,193,88,137,1.4,1.7,22.6,59.7,211.3,Clay,Laterite,Chickpea
509,7.68,31.8,216,64,176,0.77,1.36,22.4,90.6,334.4,Sandy,Laterite,Chickpea
510,8.14,17.4,150,74,67,1.11,1.24,34.2,76.8,88.4,Silty,Red,Chickpea
511,5.27,60.2,207,62,161,0.55,0.96,31.0,40.4,199.1,Loamy,Red,Chickpea
512,7.25,66.5,179,13,282,1.18,0.5,32.1,46.1,312.8,Silty,Black,Chickpea
513,7.75,19.2,206,52,321,0.36,1.34,23.4,91.8,217.3,Clay,Black,Chickpea
514,6.99,35.1,44,75,236,1.99,0.42,25.3,72.1,166.0,Clay,Black,Chickpea
515,6.79,61.4,65,52,172,1.33,1.98,32.7,80.1,312.6,Clay,Red,Chickpea
516,6.03,68.9,158,97,266,0.83,0.28,24.9,64.2,212.7,Sandy,Laterite,Chickpea
517,7.27,55.7,166,47,281,1.48,2.42,36.9,83.5,332.9,Sandy,Red,Chickpea
518,7.85,42.5,50,60,141,0.85,2.87,20.2,51.6,262.2,Silty,Red,Chickpea
519,7.8,46.2,190,12,200,1.09,2.08,36.6,63.4,181.8,Sandy,Alluvial,Chickpea
520,5.6,16.3,89,76,221,1.08,1.09,30.9,54.6,232.1,Silty,Laterite,Chickpea
521,5.97,22.9,108,31,183,0.73,1.18,23.8,85.7,103.0,Loamy,Laterite,Chickpea
522,8.06,52.1,71,78,196,0.65,0.61,32.2,89.3,290.4,Clay,Red,Chickpea
523,5.37,74.6,177,26,275,0.79,0.64,29.2,37.1,151.9,Loamy,Red,Chickpea
524,6.19,47.4,71,78,204,0.53,0.17,36.6,81.1,334.9,Loamy,Red,Chickpea
525,5.01,59.3,159,52,201,1.2,0.94,36.9,93.8,226.4,Clay,Laterite,Chickpea
526,6.08,21.7,152,15,121,1.59,0.44,18.5,72.1,123.9,Loamy,Black,Chickpea
527,6.04,51.5,79,84,319,0.72,2.81,23.6,36.4,216.1,Silty,Black,Chickpea
528,8.12,38.7,155,50,311,2.09,2.73,25.2,43.9,307.6,Loamy,Laterite,Chickpea
529,6.19,32.1,119,49,278,1.96,0.35,32.6,61.7,347.9,Silty,Alluvial,Chickpea
530,5.52,58.7,138,63,121,1.89,1.83,20.9,53.2,346.6,Loamy,Black,Chickpea
531,7.99,50.4,126,21,53,1.08,2.75,26.3,68.3,266.0,Clay,Red,Chickpea
532,5.6,37.9,171,72,71,1.86,0.98,29.7,64.6,274.6,Clay,Black,Chickpea
533,7.53,24.2,106,91,291,0.54,2.03,23.8,45.8,323.0,Clay,Black,Chickpea
534,5.38,31.6,47,86,235,1.4,1.74,35.4,72.7,198.1,Sandy,Alluvial,Chickpea
535,6.64,49.5,96,30,347,0.41,1.03,35.6,43.1,107.4,Loamy,Alluvial,Chickpea
536,6.34,69.7,121,16,198,0.85,1.95,19.5,46.6,242.1,Sandy,Red,Chickpea
537,6.74,67.3,205,48,188,1.6,2.1,19.9,69.8,298.8,Sandy,Red,Chickpea
538,6.66,37.4,154,62,224,2.05,0.57,22.4,65.2,301.2,Sandy,Laterite,Chickpea
539,6.47,19.6,63,12,295,0.96,2.1,20.8,61.5,346.4,Loamy,Red,Chickpea
540,7.27,16.7,60,38,115,1.93,0.51,22.5,42.5,97.8,Sandy,Laterite,Chickpea
541,7.21,62.0,49,12,297,1.74,0.22,20.2,82.6,208.9,Sandy,Laterite,Chickpea
542,5.38,30.2,46,48,55,1.73,2.37,36.4,47.3,321.3,Clay,Alluvial,Chickpea
543,5.09,23.7,101,84,228,0.97,2.58,33.6,71.8,206.4,Sandy,Black,Chickpea
544,7.62,60.8,165,37,148,2.13,0.6,33.1,35.3,270.4,Clay,Laterite,Chickpea
545,6.17,50.4,142,96,104,0.64,1.13,25.6,47.9,126.0,Sandy,Alluvial,Chickpea
546,5.4,21.6,64,73,234,1.64,1.72,18.8,54.7,93.6,Loamy,Laterite,Chickpea
547,6.92,33.7,143,38,333,1.07,2.96,26.6,86.4,319.5,Silty,Alluvial,Chickpea
548,5.57,74.9,155,96,103,1.05,1.62,31.5,42.2,174.5,Sandy,Red,Chickpea
549,5.21,73.5,116,35,256,0.53,2.53,32.5,51.7,266.9,Loamy,Laterite,Chickpea
550,6.14,55.0,133,72,311,0.83,2.33,20.2,50.0,204.2,Clay,Black,Chickpea
551,5.32,18.2,47,73,63,2.15,1.21,31.6,44.2,240.4,Sandy,Black,Mustard
552,7.12,46.2,156,69,153,0.86,1.54,28.1,67.5,294.7,Sandy,Black,Mustard
553,8.17,67.8,60,59,280,0.9,1.19,27.2,37.0,221.4,Loamy,Red,Mustard
554,6.57,23.1,213,59,299,1.75,1.75,27.8,68.2,216.4,Silty,Laterite,Mustard
555,6.8,24.4,44,60,184,1.24,2.92,30.3,56.2,343.6,Loamy,Black,Mustard
556,5.09,17.7,123,54,348,0.35,2.68,24.8,40.8,160.1,Loamy,Laterite,Mustard
557,6.12,54.7,93,40,209,1.43,2.74,19.3,53.3,157.9,Sandy,Alluvial,Mustard
558,5.12,54.5,138,82,313,2.01,0.87,31.9,70.3,345.9,Silty,Laterite,Mustard
559,6.03,20.9,155,22,155,0.94,1.56,33.3,55.4,238.3,Loamy,Laterite,Mustard
560,5.65,53.1,49,78,159,0.85,0.24,37.9,59.1,125.5,Sandy,Black,Mustard
561,6.89,31.4,175,77,293,1.11,1.11,19.5,84.4,206.3,Loamy,Laterite,Mustard
562,7.12,33.8,136,61,178,1.49,1.41,33.3,45.8,65.4,Clay,Laterite,Mustard
563,5.68,72.7,220,69,187,2.08,1.64,30.3,81.1,185.8,Sandy,Red,Mustard
564,6.17,23.9,68,97,203,1.9,1.29,35.2,89.7,243.8,Silty,Alluvial,Mustard
565,7.64,53.8,95,97,170,1.07,0.43,21.8,49.7,299.9,Silty,Laterite,Mustard
566,6.79,41.2,195,14,153,0.6,0.5,23.2,83.2,251.0,Clay,Black,Mustard
567,8.08,44.2,35,17,92,0.9,0.96,19.3,92.3,320.1,Sandy,Laterite,Mustard
568,8.02,58.5,65,40,107,1.38,1.55,20.4,74.9,228.3,Loamy,Laterite,Mustard
569,7.83,29.3,61,50,218,1.88,2.24,34.1,79.6,331.3,Clay,Red,Mustard
570,5.34,27.8,100,66,259,0.78,1.81,27.8,57.5,335.1,Loamy,Laterite,Mustard
571,6.52,29.8,101,28,235,1.2,1.17,24.2,73.7,322.5,Sandy,Black,Mustard
572,7.21,62.3,91,42,332,1.03,1.95,32.0,89.2,258.7,Clay,Laterite,Mustard
573,6.24,69.6,130,42,204,0.47,2.49,22.7,47.6,318.2,Silty,Alluvial,Mustard
574,7.81,61.0,134,14,190,1.95,2.49,36.8,63.3,179.8,Loamy,Laterite,Mustard
575,7.81,64.2,71,99,183,1.26,1.12,30.0,83.8,274.0,Silty,Black,Mustard
576,7.44,53.5,77,90,277,1.8,0.49,26.0,72.7,151.0,Sandy,Black,Mustard
577,5.51,46.0,196,26,260,1.81,1.03,27.6,79.1,135.6,Loamy,Alluvial,Mustard
578,5.64,39.9,76,60,243,2.1,2.66,22.5,91.9,327.7,Clay,Black,Mustard
579,8.12,26.9,209,31,75,1.06,1.34,23.2,40.3,166.7,Sandy,Black,Mustard
580,7.3,41.1,146,96,303,0.53,2.17,21.8,86.7,286.8,Loamy,Laterite,Mustard
581,6.22,40.9,82,86,160,2.19,0.92,31.5,60.1,178.5,Clay,Black,Mustard
582,5.93,30.7,188,67,177,1.0,2.08,27.2,35.6,98.6,Loamy,Laterite,Mustard
583,7.2,57.8,211,64,181,0.44,1.72,19.0,90.9,196.6,Loamy,Black,Mustard
584,5.02,45.3,127,48,252,1.58,0.48,35.8,37.5,112.0,Clay,Laterite,Mustard
585,7.98,67.7,63,21,212,1.65,1.36,23.2,53.8,343.8,Silty,Alluvial,Mustard
586,7.39,70.6,102,43,185,1.28,1.36,21.3,79.2,202.5,Clay,Laterite,Mustard
587,5.17,23.9,88,33,68,1.19,0.57,27.3,42.0,319.6,Silty,Black,Mustard
588,6.41,74.3,173,72,284,1.24,2.55,35.3,42.4,87.1,Loamy,Red,Mustard
589,7.67,60.0,99,82,349,0.7,2.99,18.1,81.0,112.4,Sandy,Red,Mustard
590,7.46,55.6,114,13,195,1.59,2.07,25.9,70.4,335.9,Loamy,Red,Mustard
591,5.09,42.6,211,94,295,1.16,2.87,29.9,35.3,341.2,Silty,Alluvial,Mustard
592,8.03,75.0,175,26,158,1.94,2.42,23.7,82.9,275.7,Silty,Black,Mustard
593,6.28,25.7,132,21,60,1.92,0.57,33.6,52.1,278.2,Clay,Black,Mustard
594,5.96,63.1,218,49,117,0.98,0.38,25.3,47.0,189.2,Silty,Laterite,Mustard
595,5.86,51.0,53,64,238,1.47,1.36,26.5,37.4,159.1,Silty,Red,Mustard
596,7.07,57.8,156,77,318,0.46,1.46,19.6,83.1,147.1,Clay,Alluvial,Mustard
597,7.69,46.4,105,82,74,1.35,2.76,28.3,65.6,179.8,Silty,Alluvial,Mustard
598,6.14,50.1,158,12,108,1.71,1.44,33.7,85.6,73.1,Silty,Alluvial,Mustard
599,6.0,58.4,201,67,185,0.95,2.76,34.2,47.7,82.7,Loamy,Black,Mustard
600,6.39,16.1,131,24,56,0.63,1.48,31.8,87.1,340.1,Silty,Alluvial,Mustard
601,6.98,73.4,122,98,252,1.83,0.35,20.7,46.4,296.6,Clay,Black,Sunflower
602,5.67,53.9,196,40,273,1.9,2.59,28.8,40.2,283.2,Clay,Laterite,Sunflower
603,6.35,22.0,69,99,277,2.13,1.47,35.2,70.1,118.4,Silty,Black,Sunflower
604,6.07,21.2,212,65,262,1.91,2.24,29.9,68.3,144.3,Silty,Laterite,Sunflower
605,6.56,50.5,186,96,299,0.74,0.28,18.4,69.6,220.4,Loamy,Laterite,Sunflower
606,7.85,22.0,189,92,227,1.15,1.37,21.2,78.6,196.1,Silty,Red,Sunflower
607,6.62,50.3,205,53,289,0.55,0.95,32.2,92.6,301.6,Loamy,Laterite,Sunflower
608,7.56,65.7,189,36,194,1.61,0.35,27.7,45.4,105.3,Silty,Black,Sunflower
609,7.54,71.6,156,48,170,0.7,0.24,18.4,87.9,163.5,Clay,Red,Sunflower
610,7.65,68.7,38,18,222,1.12,1.89,20.4,48.4,134.8,Loamy,Alluvial,Sunflower
611,7.46,61.2,172,44,127,1.92,2.63,30.1,41.2,74.6,Silty,Laterite,Sunflower
612,8.08,60.3,57,88,102,1.86,0.22,20.1,72.8,312.6,Loamy,Red,Sunflower
613,7.33,57.5,159,73,100,0.59,1.15,34.4,42.4,118.5,Silty,Black,Sunflower
614,5.79,63.5,117,46,308,0.63,0.87,32.3,59.9,242.5,Clay,Red,Sunflower
615,7.41,46.8,88,27,269,1.09,1.29,27.2,86.1,290.4,Loamy,Black,Sunflower
616,6.42,61.2,213,76,85,0.46,1.01,37.6,44.9,77.8,Sandy,Red,Sunflower
617,7.89,18.5,191,94,316,2.15,1.32,35.7,77.0,313.3,Loamy,Alluvial,Sunflower
618,5.03,31.8,165,88,125,1.63,1.39,22.1,67.7,288.6,Silty,Alluvial,Sunflower
619,7.84,61.9,133,35,204,0.46,1.66,25.8,78.1,315.2,Loamy,Red,Sunflower
620,5.3,48.1,163,53,131,0.34,2.68,28.8,50.5,301.3,Loamy,Laterite,Sunflower
621,8.16,21.6,45,57,182,1.49,1.13,19.0,74.1,96.2,Loamy,Black,Sunflower
622,6.45,74.0,220,84,339,1.66,2.82,31.3,85.7,127.8,Loamy,Alluvial,Sunflower
623,7.13,63.9,176,96,121,1.66,1.61,23.0,54.7,228.9,Loamy,Laterite,Sunflower
624,5.31,57.7,135,20,97,0.42,2.68,27.5,61.8,167.1,Silty,Laterite,Sunflower
625,7.79,50.1,192,64,275,1.61,2.85,32.6,60.0,107.2,Clay,Laterite,Sunflower
626,7.28,22.8,210,75,320,0.52,0.72,27.5,79.8,333.8,Loamy,Black,Sunflower
627,6.93,39.5,60,57,342,0.85,1.62,20.4,53.3,168.6,Loamy,Laterite,Sunflower
628,5.09,23.6,180,63,74,2.08,0.98,23.7,46.0,274.5,Sandy,Black,Sunflower
629,6.75,19.1,41,63,296,1.39,1.74,36.0,81.9,197.8,Clay,Red,Sunflower
630,6.62,42.7,145,95,279,0.58,2.21,19.8,72.5,240.8,Silty,Red,Sunflower
631,7.88,35.3,41,95,276,1.7,1.97,35.3,77.4,225.9,Loamy,Black,Sunflower
632,7.06,20.1,188,79,345,1.74,2.88,28.4,80.0,205.8,Sandy,Black,Sunflower
633,7.11,46.9,34,45,155,0.77,2.15,35.8,61.7,294.0,Loamy,Laterite,Sunflower
634,6.88,44.5,35,53,273,0.64,0.17,28.6,57.9,86.4,Sandy,Red,Sunflower
635,5.91,26.0,52,29,207,2.11,2.07,19.2,92.7,112.6,Sandy,Alluvial,Sunflower
636,6.25,34.2,135,51,182,1.01,2.5,20.4,47.2,278.1,Clay,Laterite,Sunflower
637,6.63,45.3,59,44,81,0.9,1.7,19.3,36.7,243.7,Sandy,Alluvial,Sunflower
638,6.77,50.2,55,41,334,1.54,0.46,29.4,61.8,305.4,Clay,Red,Sunflower
639,6.19,74.1,92,78,266,2.13,1.71,18.8,83.8,338.7,Loamy,Red,Sunflower
640,5.0,71.0,153,44,178,1.9,1.2,25.0,72.9,229.7,Loamy,Black,Sunflower
641,5.52,47.0,47,48,95,1.05,0.46,20.8,68.4,141.0,Silty,Red,Sunflower
642,6.95,72.4,111,97,225,1.51,2.94,32.2,51.4,252.1,Loamy,Alluvial,Sunflower
643,5.67,72.5,114,12,118,1.53,0.11,27.5,89.1,255.1,Silty,Laterite,Sunflower
644,7.44,47.3,196,93,89,1.32,2.69,34.3,61.7,95.8,Silty,Alluvial,Sunflower
645,6.24,65.3,208,11,113,1.18,2.82,26.9,48.3,65.7,Loamy,Alluvial,Sunflower
646,5.61,64.0,190,48,163,0.75,1.53,25.3,51.8,322.3,Clay,Black,Sunflower
647,5.63,64.3,131,24,192,1.38,1.53,29.0,74.6,224.1,Clay,Black,Sunflower
648,6.88,59.8,62,43,341,1.93,2.65,32.6,51.5,305.8,Sandy,Alluvial,Sunflower
649,7.18,68.0,30,64,76,1.92,1.04,34.9,59.4,95.3,Silty,Laterite,Sunflower
650,6.16,60.5,214,38,74,0.83,1.32,27.0,35.3,116.4,Sandy,Black,Sunflower
651,8.17,28.5,206,64,88,2.04,0.67,24.6,38.8,241.3,Sandy,Laterite,Potato
652,6.38,16.4,190,52,178,0.77,1.47,37.2,85.0,298.3,Clay,Black,Potato
653,7.48,52.2,54,90,278,1.4,0.35,19.2,37.0,150.9,Sandy,Red,Potato
654,5.2,63.1,44,48,271,0.43,2.06,29.2,52.7,170.6,Sandy,Laterite,Potato
655,5.75,51.0,198,89,55,1.16,1.45,26.6,72.2,89.4,Sandy,Laterite,Potato
656,6.66,50.3,57,23,56,1.43,0.3,33.8,46.6,226.2,Loamy,Alluvial,Potato
657,6.35,58.5,143,33,174,0.56,0.23,20.6,70.1,208.8,Loamy,Alluvial,Potato
658,6.87,47.5,67,28,290,0.89,1.09,25.4,35.5,230.1,Clay,Black,Potato
659,5.76,64.2,173,16,266,0.95,2.93,30.8,47.1,79.8,Clay,Laterite,Potato
660,7.22,73.9,183,98,219,1.92,1.74,24.7,53.0,155.3,Sandy,Laterite,Potato
661,7.8,69.6,156,38,51,1.51,2.11,27.3,47.8,199.4,Loamy,Laterite,Potato
662,5.66,26.1,31,56,55,0.44,0.19,20.3,52.4,116.4,Loamy,Black,Potato
663,8.12,26.9,102,32,162,1.98,2.18,24.8,68.3,111.8,Sandy,Red,Potato
664,7.7,69.6,35,96,120,1.02,2.38,20.2,91.2,148.5,Clay,Alluvial,Potato
665,7.59,54.7,164,89,272,1.97,0.29,20.9,90.4,290.5,Clay,Laterite,Potato
666,7.22,34.1,139,91,175,2.05,2.31,29.7,86.3,145.3,Clay,Alluvial,Potato
667,5.79,52.8,101,26,310,2.14,2.67,22.2,39.9,196.5,Sandy,Red,Potato
668,6.63,60.1,195,75,241,1.25,1.45,24.4,57.4,261.4,Silty,Laterite,Potato
669,5.86,39.1,179,93,68,0.69,2.7,27.0,49.1,123.4,Silty,Laterite,Potato
670,6.83,71.1,125,42,331,0.46,2.28,23.9,66.1,126.8,Sandy,Laterite,Potato
671,6.64,35.2,145,69,271,1.08,2.43,24.3,57.9,112.1,Clay,Alluvial,Potato
672,7.07,36.5,51,47,306,1.27,1.97,33.7,90.6,88.5,Sandy,Alluvial,Potato
673,5.12,27.0,80,96,218,0.78,2.26,33.4,85.7,115.3,Clay,Alluvial,Potato
674,5.03,33.0,118,61,257,1.86,2.3,18.2,74.2,346.9,Clay,Laterite,Potato
675,5.73,58.4,83,70,169,1.28,2.38,33.2,78.4,193.8,Sandy,Alluvial,Potato
676,7.71,40.7,208,63,157,1.13,2.57,18.6,43.3,313.4,Loamy,Black,Potato
677,6.6,54.5,120,53,165,1.1,2.09,26.1,81.7,215.9,Loamy,Black,Potato
678,6.82,16.9,65,29,219,1.38,2.42,36.3,69.4,173.4,Silty,Red,Potato
679,8.04,18.8,128,34,293,0.51,1.75,27.0,88.7,87.0,Sandy,Red,Potato
680,5.1,56.3,155,13,145,0.68,2.74,25.7,47.4,144.4,Sandy,Laterite,Potato
681,5.18,46.1,73,51,260,1.04,2.97,20.6,60.1,275.5,Silty,Red,Potato
682,5.42,27.3,140,100,293,0.6,1.77,24.2,47.2,267.9,Silty,Alluvial,Potato
683,5.65,74.5,144,18,254,1.45,0.82,24.6,69.2,202.4,Silty,Black,Potato
684,7.36,32.3,146,54,202,1.04,2.49,35.0,59.9,112.1,Silty,Laterite,Potato
685,6.23,54.5,208,82,98,1.05,2.84,22.8,87.2,139.4,Loamy,Black,Potato
686,7.23,58.3,85,73,260,2.19,1.7,37.9,39.6,90.5,Loamy,Laterite,Potato
687,6.44,30.2,159,15,286,0.35,1.95,31.5,62.7,159.7,Silty,Red,Potato
688,6.27,15.6,59,100,119,0.92,2.27,27.7,39.1,219.0,Clay,Laterite,Potato
689,5.45,64.2,71,31,59,1.45,0.61,20.5,79.5,108.9,Sandy,Alluvial,Potato
690,5.49,36.5,85,14,322,0.71,2.12,34.7,83.7,245.9,Sandy,Laterite,Potato
691,7.21,41.6,183,10,74,1.77,2.32,36.6,57.5,129.2,Sandy,Black,Potato
692,6.35,74.4,116,34,82,0.72,2.66,33.9,84.8,108.7,Clay,Black,Potato
693,6.33,21.5,113,51,337,1.49,1.91,36.7,58.7,184.1,Clay,Red,Potato
694,5.34,34.4,33,61,211,0.32,0.72,22.4,74.5,140.8,Loamy,Black,Potato
695,5.22,28.1,107,86,305,2.17,0.4,28.7,94.4,306.6,Clay,Alluvial,Potato
696,8.07,51.0,191,99,248,1.59,2.92,31.9,54.9,244.3,Loamy,Laterite,Potato
697,5.22,16.1,179,67,245,1.27,2.25,28.1,77.3,63.9,Sandy,Black,Potato
698,5.99,59.3,92,89,90,0.41,1.19,23.9,44.1,119.3,Sandy,Red,Potato
699,7.95,50.9,143,52,118,0.83,1.97,33.2,66.3,343.5,Loamy,Black,Potato
700,5.73,59.0,117,41,155,1.32,2.73,31.3,49.9,259.3,Clay,Laterite,Potato
701,6.67,26.0,191,10,83,1.95,0.3,21.8,73.1,101.0,Clay,Red,Tomato
702,5.29,50.6,82,40,309,0.45,2.2,24.2,78.3,131.0,Clay,Red,Tomato
703,5.97,49.6,192,35,189,1.94,1.5,37.0,56.6,169.5,Silty,Laterite,Tomato
704,6.35,51.6,140,29,296,0.34,1.21,35.1,80.5,327.2,Clay,Red,Tomato
705,5.82,42.8,146,46,242,1.37,1.49,24.7,77.9,116.8,Clay,Black,Tomato
706,5.04,45.0,215,57,301,1.07,1.31,25.9,79.5,171.4,Loamy,Black,Tomato
707,6.31,17.3,61,59,339,0.61,2.31,37.1,81.3,278.0,Loamy,Laterite,Tomato
708,7.03,37.1,44,93,247,2.06,2.23,22.8,37.1,295.8,Sandy,Red,Tomato
709,5.84,42.3,204,28,180,0.77,1.78,31.3,44.7,93.9,Sandy,Laterite,Tomato
710,6.27,50.2,50,76,146,1.96,0.58,26.5,76.5,205.2,Silty,Alluvial,Tomato
711,7.35,60.1,216,21,105,1.51,2.35,24.9,43.6,277.1,Silty,Alluvial,Tomato
712,5.02,25.1,155,10,99,0.43,2.12,28.5,74.3,272.6,Clay,Red,Tomato
713,6.2,57.2,80,72,143,1.25,0.42,29.3,47.8,118.3,Clay,Red,Tomato
714,5.83,69.1,134,66,105,1.95,0.58,23.9,57.7,140.3,Loamy,Black,Tomato
715,6.87,43.7,202,22,54,0.42,2.28,18.1,69.9,346.4,Sandy,Red,Tomato
716,6.67,15.4,184,76,186,2.07,1.47,24.7,60.8,167.5,Loamy,Alluvial,Tomato
717,7.61,71.5,200,61,243,1.46,2.93,35.5,83.4,60.9,Silty,Red,Tomato
718,5.08,22.4,165,45,177,1.0,1.89,31.2,63.5,179.8,Clay,Black,Tomato
719,8.16,72.5,112,12,234,1.96,2.91,32.7,75.7,127.7,Silty,Laterite,Tomato
720,7.37,62.6,119,64,293,2.18,2.59,36.1,79.1,145.2,Clay,Red,Tomato
721,7.78,67.6,213,74,66,0.54,2.41,24.0,75.4,219.1,Silty,Red,Tomato
722,7.87,72.3,153,94,326,0.76,0.71,33.1,74.6,85.9,Silty,Black,Tomato
723,5.51,70.7,128,45,162,1.67,2.03,37.0,75.2,253.0,Silty,Black,Tomato
724,7.55,35.0,87,83,83,1.52,1.19,32.3,79.2,170.7,Silty,Red,Tomato
725,5.72,21.9,52,24,95,0.95,1.82,21.8,91.5,226.1,Clay,Alluvial,Tomato
726,8.05,49.6,30,49,81,1.42,0.65,25.8,60.4,283.7,Clay,Red,Tomato
727,5.34,15.6,147,50,124,1.85,0.96,22.4,75.8,102.8,Loamy,Red,Tomato
728,7.39,65.9,209,14,213,0.89,2.97,20.5,94.8,264.9,Silty,Red,Tomato
729,6.58,57.2,126,17,220,0.59,2.18,35.0,91.1,125.3,Sandy,Red,Tomato
730,7.74,58.6,106,94,131,2.18,1.69,24.7,75.7,347.2,Silty,Laterite,Tomato
731,5.23,58.6,102,99,149,1.63,1.69,19.9,54.4,289.5,Sandy,Alluvial,Tomato
732,6.46,24.8,65,66,297,0.85,0.52,22.4,79.9,273.2,Sandy,Alluvial,Tomato
733,7.32,49.5,203,28,242,2.11,1.34,34.8,90.6,87.9,Silty,Red,Tomato
734,8.02,22.0,161,93,223,1.43,2.91,30.5,59.2,69.9,Clay,Laterite,Tomato
735,6.56,56.3,74,93,242,1.77,2.97,31.4,40.4,194.5,Silty,Alluvial,Tomato
736,7.02,41.7,32,25,109,0.46,1.52,31.4,65.6,66.7,Silty,Alluvial,Tomato
737,7.22,20.7,181,33,246,1.22,1.97,26.7,69.3,88.8,Sandy,Red,Tomato
738,6.3,57.0,130,81,324,1.79,1.64,19.3,85.2,216.3,Sandy,Red,Tomato
739,8.09,68.9,76,86,142,0.31,1.4,24.3,37.3,226.8,Clay,Black,Tomato
740,6.8,66.1,38,20,113,1.26,1.15,28.9,60.4,334.1,Sandy,Red,Tomato
741,5.96,71.8,162,47,323,1.15,1.77,31.9,66.4,345.9,Loamy,Red,Tomato
742,7.2,54.8,41,40,68,0.66,0.97,34.7,92.4,234.6,Clay,Alluvial,Tomato
743,5.89,58.7,138,19,331,0.78,1.21,36.1,59.0,84.1,Loamy,Laterite,Tomato
744,8.01,23.6,82,19,187,2.19,2.12,21.9,57.3,250.6,Clay,Laterite,Tomato
745,7.63,34.0,141,58,63,2.13,0.82,23.4,66.9,258.4,Silty,Black,Tomato
746,6.05,20.3,115,44,124,1.95,0.75,18.2,57.6,340.9,Silty,Black,Tomato
747,7.5,22.4,164,49,300,0.48,1.11,29.4,51.9,138.6,Sandy,Black,Tomato
748,5.55,71.8,129,33,226,1.83,2.07,33.8,68.1,315.8,Silty,Laterite,Tomato
749,6.9,30.5,205,75,129,1.55,0.51,29.4,51.0,326.3,Loamy,Red,Tomato
750,7.17,40.1,147,33,274,2.17,2.42,28.0,51.5,184.1,Clay,Alluvial,Tomato
751,7.03,20.2,108,62,210,1.91,1.94,19.5,49.4,87.2,Sandy,Black,Onion
752,7.38,48.2,156,11,267,1.59,2.8,20.7,64.9,258.7,Sandy,Laterite,Onion
753,5.04,26.4,220,10,267,1.63,2.27,22.9,79.3,335.8,Sandy,Laterite,Onion
754,8.09,55.5,164,38,139,0.44,2.53,28.3,92.1,182.6,Silty,Red,Onion
755,6.19,21.8,203,41,326,1.92,2.59,23.8,64.0,136.8,Sandy,Laterite,Onion
756,5.7,33.3,194,75,68,2.08,2.69,35.0,38.4,61.7,Silty,Alluvial,Onion
757,5.95,21.4,119,33,255,0.97,0.39,27.8,40.1,209.2,Clay,Laterite,Onion
758,5.4,44.2,69,94,178,0.73,1.25,24.0,60.7,112.8,Loamy,Black,Onion
759,8.17,54.4,142,30,121,0.97,1.36,25.2,87.2,117.6,Clay,Alluvial,Onion
760,5.13,38.7,220,52,66,0.6,0.68,27.6,74.9,137.1,Silty,Laterite,Onion
761,6.76,63.0,212,26,216,1.73,2.36,26.0,78.6,275.1,Silty,Red,Onion
762,5.35,21.5,35,26,129,0.95,0.14,31.7,38.1,300.7,Silty,Black,Onion
763,6.39,32.4,154,20,269,0.77,0.54,28.2,50.0,282.4,Loamy,Red,Onion
764,7.13,40.7,151,100,102,1.63,1.56,21.6,94.6,231.4,Clay,Red,Onion
765,5.39,39.1,100,34,124,1.11,1.89,19.8,38.1,178.1,Loamy,Red,Onion
766,5.71,40.6,45,75,268,1.52,0.98,23.4,51.8,161.8,Silty,Red,Onion
767,6.02,17.9,40,10,76,1.55,1.03,23.7,51.8,235.9,Silty,Red,Onion
768,5.81,44.5,115,48,107,0.48,0.14,29.0,86.7,156.1,Loamy,Alluvial,Onion
769,5.76,31.6,179,59,94,1.99,0.48,32.9,42.2,230.1,Clay,Red,Onion
770,7.25,70.5,49,79,225,0.87,1.48,33.2,67.0,104.6,Clay,Red,Onion
771,6.34,57.7,173,54,237,1.15,2.18,36.2,39.1,181.5,Sandy,Red,Onion
772,6.92,56.8,63,47,73,2.12,0.28,37.4,46.4,296.2,Silty,Black,Onion
773,5.53,60.0,128,81,249,1.06,0.89,21.7,44.6,123.2,Sandy,Laterite,Onion
774,6.61,58.2,96,48,162,0.86,0.88,20.4,48.4,214.7,Loamy,Black,Onion
775,7.05,71.5,101,27,188,1.96,0.25,37.6,94.4,120.9,Sandy,Black,Onion
776,7.08,53.0,124,51,92,2.1,2.66,23.3,43.0,320.5,Loamy,Alluvial,Onion
777,8.15,52.6,32,55,162,1.69,0.91,23.1,35.9,250.6,Sandy,Laterite,Onion
778,8.03,30.4,190,91,332,0.69,1.38,24.5,47.2,242.6,Silty,Red,Onion
779,6.43,58.8,141,57,125,2.01,0.37,21.6,46.1,310.1,Clay,Laterite,Onion
780,8.02,25.8,102,12,208,0.61,0.62,25.9,71.5,80.1,Sandy,Laterite,Onion
781,5.78,69.5,133,22,319,0.56,2.28,18.2,41.0,171.4,Sandy,Black,Onion
782,7.44,53.7,41,26,177,1.76,0.88,36.8,71.0,289.8,Sandy,Black,Onion
783,6.74,64.1,211,20,153,0.56,2.3,35.8,83.9,149.1,Silty,Red,Onion
784,5.78,47.6,98,90,328,0.53,2.49,20.1,52.8,208.3,Silty,Red,Onion
785,5.0,28.5,88,64,247,0.58,2.0,22.5,87.7,171.6,Sandy,Laterite,Onion
786,5.54,21.6,56,46,232,0.44,1.07,25.2,90.5,84.6,Sandy,Red,Onion
787,5.57,46.8,183,33,267,0.59,2.04,24.0,84.1,161.0,Sandy,Alluvial,Onion
788,7.93,54.7,97,19,51,1.94,2.94,33.6,43.8,102.9,Silty,Laterite,Onion
789,7.61,21.8,139,45,124,0.47,2.98,21.6,58.1,152.6,Silty,Laterite,Onion
790,7.22,39.8,192,52,120,1.82,2.0,22.9,60.1,204.2,Silty,Red,Onion
791,6.23,49.9,137,77,345,1.78,2.45,22.4,40.2,164.9,Clay,Black,Onion
792,6.16,43.4,64,24,80,2.03,1.15,35.0,81.7,100.4,Silty,Red,Onion
793,7.67,48.1,137,41,157,1.87,0.26,20.8,92.7,264.1,Silty,Black,Onion
794,7.23,40.5,43,99,104,1.56,0.31,34.7,87.2,68.8,Loamy,Red,Onion
795,5.25,19.6,175,63,126,1.75,1.46,20.8,66.6,335.1,Silty,Laterite,Onion
796,7.31,41.6,195,98,56,0.84,0.55,35.6,36.9,277.8,Clay,Black,Onion
797,6.27,40.4,146,80,182,2.05,1.56,32.2,60.4,105.5,Sandy,Laterite,Onion
798,8.13,22.5,84,61,78,0.72,0.63,32.9,68.6,304.1,Silty,Laterite,Onion
799,6.0,53.5,127,31,77,1.83,1.98,21.9,41.5,82.6,Loamy,Black,Onion
800,5.77,24.8,57,18,158,1.43,2.29,24.2,68.1,245.1,Sandy,Red,Onion
801,5.86,73.6,174,15,338,2.17,1.5,19.0,40.6,149.5,Loamy,Alluvial,Banana
802,8.07,45.0,110,60,232,2.15,2.14,19.9,59.4,275.0,Sandy,Red,Banana
803,5.08,62.8,152,85,69,0.85,0.54,27.3,88.1,87.1,Clay,Red,Banana
804,7.58,54.3,213,30,306,1.28,2.21,31.0,90.8,159.0,Clay,Alluvial,Banana
805,5.93,52.4,140,15,248,0.75,2.99,30.1,92.5,224.4,Silty,Black,Banana
806,7.58,23.6,109,80,94,1.25,1.42,21.4,52.7,79.8,Loamy,Alluvial,Banana
807,5.29,25.8,147,43,292,2.16,2.31,26.8,90.4,332.6,Silty,Black,Banana
808,6.16,32.2,134,89,116,1.14,1.59,30.5,53.8,84.2,Silty,Laterite,Banana
809,5.84,67.5,204,15,79,1.71,0.81,34.4,35.5,307.4,Loamy,Laterite,Banana
810,5.51,39.0,48,38,248,1.96,2.04,25.0,63.1,215.2,Silty,Black,Banana
811,5.27,58.9,131,65,152,1.06,0.29,24.8,71.3,121.7,Silty,Black,Banana
812,5.89,17.3,69,70,124,1.52,1.03,18.6,71.1,170.3,Loamy,Laterite,Banana
813,8.13,27.8,84,12,266,0.81,1.94,19.7,39.2,177.5,Loamy,Laterite,Banana
814,7.79,46.5,201,43,144,1.88,0.37,36.0,55.5,278.4,Clay,Red,Banana
815,6.12,40.1,151,78,132,2.13,1.37,36.3,69.2,298.7,Clay,Black,Banana
816,7.31,49.7,67,51,212,0.33,2.7,36.7,65.0,151.8,Silty,Alluvial,Banana
817,6.67,15.2,145,26,280,1.51,1.78,18.7,79.7,114.4,Clay,Laterite,Banana
818,5.69,27.6,78,96,345,2.11,1.17,25.3,53.1,149.0,Sandy,Laterite,Banana
819,7.08,42.4,135,55,230,1.87,1.33,37.5,55.1,328.6,Silty,Laterite,Banana
820,6.19,48.2,71,79,273,1.02,2.55,31.8,61.2,142.1,Sandy,Black,Banana
821,7.58,21.2,196,12,260,0.5,2.27,30.5,67.7,243.7,Sandy,Alluvial,Banana
822,7.73,27.7,146,80,245,0.52,2.58,37.0,56.0,290.2,Silty,Laterite,Banana
823,7.91,53.7,219,60,53,2.09,2.37,28.2,51.1,251.0,Loamy,Laterite,Banana
824,7.15,15.2,136,14,57,0.35,2.39,34.8,66.1,275.0,Loamy,Alluvial,Banana
825,5.55,49.3,140,40,334,2.15,0.66,30.9,84.7,292.4,Silty,Red,Banana
826,8.01,38.4,216,32,256,2.02,1.6,26.7,41.0,292.3,Sandy,Laterite,Banana
827,7.7,52.6,96,80,131,2.1,0.69,19.9,61.2,242.4,Clay,Black,Banana
828,6.98,47.6,50,83,245,0.35,2.23,37.7,73.1,285.5,Clay,Red,Banana
829,7.09,28.3,79,78,175,1.68,2.44,25.6,50.6,75.0,Sandy,Red,Banana
830,7.01,53.3,178,23,106,1.17,1.83,20.1,51.9,319.4,Sandy,Black,Banana
831,6.58,36.7,83,60,101,1.23,0.16,19.5,92.6,82.1,Silty,Laterite,Banana
832,7.85,53.0,145,30,142,0.87,2.72,31.2,72.9,307.9,Sandy,Alluvial,Banana
833,8.18,44.0,187,86,329,0.31,1.61,23.1,42.3,235.8,Sandy,Red,Banana
834,5.69,36.9,85,13,217,0.56,0.34,31.8,42.6,139.4,Clay,Black,Banana
835,6.12,48.1,105,69,303,1.13,2.84,36.4,50.0,117.4,Loamy,Laterite,Banana
836,5.33,62.6,180,49,134,1.81,2.87,27.8,88.0,182.9,Loamy,Alluvial,Banana
837,6.99,51.4,139,35,340,0.97,2.7,34.4,62.0,317.9,Loamy,Laterite,Banana
838,5.94,64.6,195,77,230,1.06,0.43,34.2,60.8,113.9,Clay,Black,Banana
839,5.69,37.3,67,50,112,0.32,2.1,32.3,47.8,224.6,Loamy,Red,Banana
840,6.8,38.1,184,37,319,0.71,1.73,32.3,91.8,294.2,Sandy,Laterite,Banana
841,7.18,41.1,111,35,150,0.39,1.53,18.9,51.5,94.6,Silty,Red,Banana
842,6.92,50.5,90,83,60,0.84,1.97,35.1,94.3,324.4,Loamy,Red,Banana
843,7.69,39.2,166,77,70,0.94,0.15,27.4,84.8,180.4,Loamy,Alluvial,Banana
844,6.02,35.7,50,81,210,1.24,0.24,24.0,94.0,203.1,Sandy,Alluvial,Banana
845,8.0,21.2,87,16,55,0.56,2.98,35.2,78.5,125.6,Sandy,Red,Banana
846,7.32,63.7,167,10,76,0.79,2.38,20.2,91.8,81.8,Loamy,Laterite,Banana
847,5.86,25.2,65,84,285,0.53,1.03,21.0,70.0,306.5,Silty,Laterite,Banana
848,7.14,46.3,91,83,294,1.56,2.93,24.4,78.9,125.5,Loamy,Alluvial,Banana
849,7.28,36.2,92,94,155,1.62,0.32,27.9,47.7,254.4,Silty,Laterite,Banana
850,5.6,21.3,83,85,320,1.28,1.01,36.9,77.5,250.0,Sandy,Red,Banana
851,5.7,36.8,145,89,312,0.69,1.26,19.4,60.4,259.0,Sandy,Red,Mango
852,6.48,21.4,58,40,58,2.0,0.64,18.6,74.7,191.3,Loamy,Black,Mango
853,7.97,20.0,140,37,127,1.05,1.35,24.7,61.5,167.2,Sandy,Laterite,Mango
854,7.34,40.4,105,34,256,0.64,0.9,30.1,66.1,91.7,Sandy,Red,Mango
855,8.07,28.2,43,14,344,0.81,0.29,20.0,48.6,239.9,Silty,Laterite,Mango
856,6.26,28.2,207,44,303,0.69,2.38,25.0,52.3,232.9,Sandy,Black,Mango
857,5.59,69.5,189,71,206,1.92,2.1,21.4,75.9,108.3,Loamy,Laterite,Mango
858,5.45,15.8,151,64,221,0.34,2.93,35.6,45.2,280.5,Sandy,Alluvial,Mango
859,8.1,50.0,155,41,291,0.51,2.47,29.3,94.4,302.3,Clay,Red,Mango
860,7.48,21.0,218,52,281,1.23,1.12,28.9,74.8,133.5,Silty,Black,Mango
861,7.65,33.1,115,76,297,0.51,2.09,32.6,36.2,343.8,Clay,Red,Mango
862,6.14,16.9,177,99,270,0.98,2.26,21.9,92.3,245.2,Loamy,Laterite,Mango
863,8.16,67.6,74,43,228,1.99,1.23,26.3,94.6,149.7,Sandy,Alluvial,Mango
864,7.67,22.4,146,82,227,0.85,2.91,28.0,76.1,195.2,Clay,Alluvial,Mango
865,7.0,54.9,107,72,197,0.42,0.95,27.1,48.0,299.4,Sandy,Black,Mango
866,6.56,15.3,120,94,50,0.39,0.5,35.6,82.1,205.6,Clay,Black,Mango
867,7.28,23.6,217,35,271,1.41,0.33,22.4,63.4,162.8,Silty,Laterite,Mango
868,6.28,69.2,96,48,209,0.63,1.36,35.5,83.3,100.4,Clay,Alluvial,Mango
869,5.43,48.3,107,49,93,0.86,2.79,27.2,46.0,286.9,Silty,Black,Mango
870,5.44,41.5,110,74,233,1.19,1.34,26.4,59.6,68.0,Sandy,Laterite,Mango
871,5.28,23.4,107,41,347,1.27,0.47,28.9,68.9,145.1,Silty,Red,Mango
872,6.29,15.4,162,68,77,0.46,0.88,37.7,41.4,232.4,Loamy,Laterite,Mango
873,7.21,66.9,61,84,311,1.7,0.25,22.1,43.6,274.7,Silty,Red,Mango
874,5.72,55.5,69,48,209,1.67,2.82,34.1,72.4,118.2,Sandy,Black,Mango
875,5.49,67.8,163,22,176,0.69,1.47,34.7,61.6,76.1,Sandy,Alluvial,Mango
876,6.29,74.0,90,79,183,1.86,2.08,35.2,72.0,185.4,Sandy,Red,Mango
877,5.45,59.7,91,31,311,1.71,1.69,27.5,52.4,253.6,Silty,Alluvial,Mango
878,7.14,38.5,208,23,287,1.09,1.33,18.6,62.4,223.6,Sandy,Alluvial,Mango
879,5.11,54.0,198,89,277,0.38,2.73,37.3,63.1,269.7,Loamy,Black,Mango
880,8.14,36.5,158,36,228,2.01,1.62,28.3,45.5,103.9,Loamy,Laterite,Mango
881,7.29,62.2,101,94,205,2.05,0.3,34.8,64.0,339.1,Clay,Alluvial,Mango
882,5.41,34.4,178,54,349,1.47,1.27,18.9,86.1,106.2,Sandy,Black,Mango
883,6.6,55.8,112,39,171,0.5,2.65,32.6,58.0,342.3,Sandy,Black,Mango
884,6.96,21.9,48,66,241,1.45,2.54,36.5,54.3,262.6,Silty,Red,Mango
885,8.16,49.4,81,35,179,1.23,2.07,22.5,79.5,185.9,Clay,Black,Mango
886,6.86,52.7,201,22,154,0.36,0.51,18.1,81.5,224.8,Sandy,Alluvial,Mango
887,5.59,58.8,216,92,320,1.24,2.51,29.4,63.4,162.1,Clay,Black,Mango
888,6.4,52.5,48,82,90,0.54,1.6,20.0,64.9,74.9,Loamy,Black,Mango
889,5.72,71.4,94,59,233,0.43,2.63,37.4,39.5,226.9,Loamy,Laterite,Mango
890,6.98,47.8,58,84,291,2.08,2.96,31.1,36.9,182.2,Clay,Alluvial,Mango
891,7.84,18.6,82,80,218,2.06,2.02,35.6,49.1,81.1,Sandy,Alluvial,Mango
892,8.14,72.0,183,88,91,1.99,1.49,20.6,78.4,90.2,Silty,Red,Mango
893,7.08,40.9,107,39,60,2.07,0.18,33.6,46.8,236.4,Silty,Black,Mango
894,6.77,18.1,126,99,114,1.12,1.34,20.8,61.3,320.2,Loamy,Alluvial,Mango
895,5.62,41.2,44,40,168,0.47,0.13,26.3,80.2,294.2,Sandy,Black,Mango
896,7.79,30.0,44,19,79,0.54,0.62,18.9,56.0,250.0,Clay,Alluvial,Mango
897,5.42,38.9,198,25,89,0.45,2.82,22.1,77.3,295.9,Clay,Laterite,Mango
898,7.28,71.5,171,47,175,1.3,0.88,32.0,65.2,75.7,Silty,Laterite,Mango
899,5.9,27.2,65,76,168,0.88,1.7,20.5,78.5,288.5,Sandy,Red,Mango
900,7.23,54.0,146,24,60,1.25,0.2,23.6,58.1,299.9,Sandy,Black,Mango
901,5.89,51.6,156,12,245,1.03,0.23,22.1,46.1,185.0,Sandy,Alluvial,Coffee
902,5.1,60.8,36,87,222,2.05,2.73,34.2,70.5,279.6,Loamy,Laterite,Coffee
903,7.77,62.0,218,17,105,1.35,2.86,36.6,52.2,347.4,Silty,Laterite,Coffee
904,6.83,49.1,162,43,133,2.12,1.46,37.9,49.3,323.2,Loamy,Alluvial,Coffee
905,5.27,30.0,168,47,222,1.39,0.21,23.5,51.1,132.6,Sandy,Black,Coffee
906,5.98,54.6,97,32,277,1.18,1.38,27.3,93.0,199.3,Clay,Laterite,Coffee
907,5.19,71.3,100,88,332,0.9,0.29,21.6,81.0,140.1,Silty,Red,Coffee
908,5.73,25.5,188,93,75,0.74,2.0,21.7,65.4,187.7,Loamy,Black,Coffee
909,6.77,28.7,212,43,181,0.33,2.55,35.0,67.4,73.0,Clay,Alluvial,Coffee
910,5.35,45.4,58,75,89,0.75,1.04,25.4,84.4,180.6,Silty,Alluvial,Coffee
911,5.46,34.6,122,52,258,2.01,1.19,36.8,52.6,69.0,Loamy,Black,Coffee
912,5.93,24.0,181,13,104,1.46,2.44,28.2,81.9,207.4,Loamy,Red,Coffee
913,6.21,50.0,198,29,245,1.75,1.98,37.1,92.5,347.8,Silty,Black,Coffee
914,7.71,46.7,43,87,291,1.55,1.61,24.3,46.7,226.8,Clay,Alluvial,Coffee
915,5.78,61.1,122,39,283,0.9,2.92,31.9,61.7,337.7,Silty,Alluvial,Coffee
916,5.26,48.6,49,56,297,1.45,1.4,26.4,69.2,299.8,Clay,Red,Coffee
917,7.48,39.5,179,95,120,1.45,2.41,24.8,42.1,178.5,Clay,Laterite,Coffee
918,7.02,61.4,76,68,57,0.62,1.31,33.3,77.7,196.3,Sandy,Red,Coffee
919,7.78,65.0,36,98,135,2.18,0.48,35.3,90.1,322.2,Loamy,Red,Coffee
920,6.29,48.4,212,47,110,0.94,2.49,24.7,71.5,91.3,Sandy,Black,Coffee
921,7.36,36.3,144,62,280,1.71,1.36,33.2,77.0,272.7,Sandy,Red,Coffee
922,7.87,50.6,124,96,282,1.02,1.37,28.2,70.3,334.0,Sandy,Red,Coffee
923,5.95,35.5,174,76,318,1.4,2.55,26.5,54.4,152.4,Clay,Red,Coffee
924,5.13,71.7,217,36,270,1.29,1.77,30.3,41.0,142.6,Sandy,Alluvial,Coffee
925,5.88,41.3,73,46,182,2.18,2.29,36.5,75.0,100.9,Clay,Red,Coffee
926,5.09,69.2,168,78,149,0.31,2.51,18.5,47.2,333.1,Silty,Laterite,Coffee
927,6.67,64.9,105,24,111,1.14,1.35,23.3,86.9,348.0,Sandy,Alluvial,Coffee
928,7.57,59.7,86,19,217,0.6,1.07,27.1,79.1,254.9,Sandy,Alluvial,Coffee
929,7.86,17.3,55,100,316,0.9,2.54,31.2,87.7,70.3,Sandy,Red,Coffee
930,5.44,37.6,86,96,150,0.8,0.54,34.3,79.0,142.0,Clay,Black,Coffee
931,8.04,66.4,84,10,272,0.43,1.72,22.2,45.7,181.3,Loamy,Laterite,Coffee
932,7.02,29.1,119,71,321,1.55,0.62,24.0,48.9,144.7,Silty,Laterite,Coffee
933,7.55,38.5,121,79,296,0.86,0.73,37.3,88.8,281.5,Silty,Laterite,Coffee
934,6.04,54.7,59,32,287,2.12,2.02,25.0,58.9,97.1,Silty,Laterite,Coffee
935,6.92,56.2,37,47,187,1.26,2.68,33.7,38.6,283.8,Loamy,Alluvial,Coffee
936,6.32,63.5,138,61,183,2.03,0.88,32.6,55.4,297.4,Loamy,Laterite,Coffee
937,6.31,49.4,72,78,155,1.78,0.42,37.4,71.6,97.5,Sandy,Black,Coffee
938,7.57,20.4,210,52,230,1.76,1.7,31.1,66.1,165.0,Clay,Red,Coffee
939,7.68,38.7,213,39,198,1.82,2.74,24.6,47.9,272.7,Sandy,Black,Coffee
940,7.71,60.3,164,23,306,1.06,1.51,21.1,53.1,126.7,Clay,Black,Coffee
941,5.87,22.4,126,93,255,0.55,2.25,23.4,40.1,81.4,Silty,Black,Coffee
942,5.05,64.8,184,29,98,1.7,2.4,21.9,71.3,150.5,Loamy,Laterite,Coffee
943,6.64,16.4,100,68,153,0.49,2.91,29.5,57.6,184.6,Clay,Laterite,Coffee
944,6.8,44.0,209,78,309,0.76,0.15,27.9,58.6,168.1,Sandy,Laterite,Coffee
945,5.72,73.5,131,39,278,1.0,1.73,30.9,54.9,294.8,Sandy,Black,Coffee
946,6.79,27.5,155,85,177,0.46,1.27,34.8,66.4,303.5,Clay,Black,Coffee
947,7.46,30.1,109,53,127,0.37,2.1,30.0,87.3,137.8,Clay,Laterite,Coffee
948,6.75,33.8,196,40,214,1.18,1.5,29.1,79.4,272.6,Sandy,Laterite,Coffee
949,7.24,37.5,33,30,316,1.72,0.58,26.8,93.3,71.3,Silty,Laterite,Coffee
950,5.55,63.2,154,27,330,1.09,0.13,20.4,94.7,268.8,Loamy,Alluvial,Coffee
951,6.97,37.3,196,31,122,0.85,2.09,34.1,92.1,167.7,Loamy,Laterite,Tea
952,6.48,71.2,214,27,134,1.3,2.51,18.2,60.0,103.6,Sandy,Black,Tea
953,6.0,26.3,207,22,325,1.17,0.37,30.5,70.7,79.4,Clay,Alluvial,Tea
954,7.01,70.7,100,46,268,1.41,0.99,30.5,59.2,133.9,Clay,Black,Tea
955,6.9,21.2,85,45,141,0.8,0.4,33.9,70.2,282.2,Loamy,Alluvial,Tea
956,8.09,59.2,187,95,292,0.7,0.11,22.6,48.0,329.6,Clay,Red,Tea
957,5.53,67.5,112,19,76,0.56,2.44,26.5,63.3,147.7,Sandy,Red,Tea
958,6.79,37.6,128,100,292,0.97,2.53,24.3,39.7,235.6,Clay,Red,Tea
959,8.03,65.0,212,28,273,1.36,1.52,33.8,76.1,221.8,Silty,Alluvial,Tea
960,5.57,67.0,149,95,227,1.68,0.72,29.2,94.9,332.4,Silty,Alluvial,Tea
961,5.57,59.9,32,35,276,0.99,0.67,29.7,54.7,324.2,Loamy,Black,Tea
962,6.94,17.0,100,92,295,1.06,2.99,32.1,51.5,76.6,Sandy,Laterite,Tea
963,8.19,52.9,155,32,292,1.72,1.98,28.9,41.2,167.2,Clay,Red,Tea
964,7.79,22.9,137,25,78,1.14,2.16,24.3,86.5,140.5,Clay,Black,Tea
965,6.06,55.3,111,100,136,2.02,1.8,36.9,66.0,332.8,Silty,Laterite,Tea
966,7.68,55.2,46,34,306,0.58,0.87,21.5,37.7,236.5,Silty,Red,Tea
967,7.03,65.5,30,49,190,1.37,0.44,27.3,85.2,85.0,Silty,Black,Tea
968,5.37,20.4,216,21,145,0.9,1.92,18.4,45.2,63.0,Loamy,Laterite,Tea
969,5.26,58.5,93,49,147,1.72,2.24,24.2,57.8,143.3,Loamy,Red,Tea
970,6.81,39.8,78,44,152,0.64,0.96,32.0,50.9,202.1,Loamy,Alluvial,Tea
971,7.47,46.4,191,97,137,0.37,2.52,25.7,67.3,121.1,Silty,Alluvial,Tea
972,7.07,55.9,103,36,225,1.63,1.56,34.6,82.7,86.3,Clay,Alluvial,Tea
973,5.7,30.7,59,76,145,1.2,1.46,24.5,68.8,250.9,Sandy,Alluvial,Tea
974,7.24,52.8,32,30,265,1.2,1.08,36.1,46.2,163.8,Clay,Laterite,Tea
975,6.75,60.1,142,88,283,1.43,2.11,32.6,63.4,130.6,Loamy,Alluvial,Tea
976,6.54,39.1,40,39,309,0.5,1.34,23.4,69.6,232.0,Clay,Red,Tea
977,7.95,68.2,208,77,151,2.11,1.75,20.8,74.8,288.7,Sandy,Black,Tea
978,5.99,60.9,118,68,252,0.61,0.1,20.9,88.0,147.4,Sandy,Red,Tea
979,5.76,27.2,53,41,128,1.6,2.55,25.5,63.6,160.0,Silty,Laterite,Tea
980,7.24,69.8,201,58,287,1.64,2.31,19.9,42.7,281.3,Clay,Laterite,Tea
981,7.47,68.9,202,64,251,1.31,1.11,31.4,93.2,67.8,Clay,Red,Tea
982,6.18,35.4,30,88,253,2.04,1.97,20.8,46.3,121.3,Silty,Black,Tea
983,6.09,54.2,138,29,195,0.89,2.06,27.6,50.7,337.0,Clay,Red,Tea
984,6.27,46.0,57,69,92,0.96,2.22,31.1,59.3,294.0,Clay,Alluvial,Tea
985,5.41,45.4,205,68,55,1.22,2.88,26.0,81.3,147.9,Loamy,Black,Tea
986,6.93,63.1,145,74,240,1.78,2.16,34.9,93.3,92.4,Clay,Laterite,Tea
987,6.7,38.0,202,20,126,0.31,2.85,32.2,50.5,209.3,Silty,Laterite,Tea
988,5.16,31.9,61,72,285,1.0,2.68,31.7,50.1,157.9,Loamy,Black,Tea
989,6.74,25.7,121,63,58,1.15,0.96,18.7,41.7,272.3,Silty,Red,Tea
990,5.56,47.1,62,28,302,1.12,0.9,37.4,76.3,130.8,Silty,Black,Tea
991,5.24,37.4,67,87,101,1.03,2.94,19.6,90.6,277.3,Silty,Laterite,Tea
992,5.07,72.0,95,93,90,1.89,1.36,20.3,46.5,135.7,Loamy,Red,Tea
993,7.22,17.9,176,70,160,1.75,1.37,32.9,81.7,140.3,Sandy,Laterite,Tea
994,7.91,55.7,99,10,258,0.69,2.37,31.1,51.5,194.1,Loamy,Black,Tea
995,5.71,16.1,113,38,82,1.46,2.21,30.2,62.6,182.0,Loamy,Laterite,Tea
996,6.52,48.5,117,53,213,0.96,1.39,27.2,79.6,121.1,Clay,Laterite,Tea
997,5.82,16.9,176,20,299,1.37,1.1,22.2,94.1,167.1,Loamy,Alluvial,Tea
998,6.44,43.0,69,89,349,0.62,1.12,26.6,94.7,66.8,Loamy,Laterite,Tea
999,8.17,37.5,167,26,243,1.45,2.56,19.9,48.1,347.7,Loamy,Red,Tea
1000,7.77,61.0,218,61,331,1.08,2.28,26.4,71.0,152.6,Loamy,Black,Tea
